CREATE DATABASE  IF NOT EXISTS `buscacoro` /*!40100 DEFAULT CHARACTER SET utf8 */;
USE `buscacoro`;
-- MySQL dump 10.13  Distrib 5.5.24, for debian-linux-gnu (i686)
--
-- Host: ec2-50-19-213-178.compute-1.amazonaws.com    Database: buscacoro
-- ------------------------------------------------------
-- Server version	5.5.32-log

/*!40101 SET @OLD_CHARACTER_SET_CLIENT=@@CHARACTER_SET_CLIENT */;
/*!40101 SET @OLD_CHARACTER_SET_RESULTS=@@CHARACTER_SET_RESULTS */;
/*!40101 SET @OLD_COLLATION_CONNECTION=@@COLLATION_CONNECTION */;
/*!40101 SET NAMES utf8 */;
/*!40103 SET @OLD_TIME_ZONE=@@TIME_ZONE */;
/*!40103 SET TIME_ZONE='+00:00' */;
/*!40014 SET @OLD_UNIQUE_CHECKS=@@UNIQUE_CHECKS, UNIQUE_CHECKS=0 */;
/*!40014 SET @OLD_FOREIGN_KEY_CHECKS=@@FOREIGN_KEY_CHECKS, FOREIGN_KEY_CHECKS=0 */;
/*!40101 SET @OLD_SQL_MODE=@@SQL_MODE, SQL_MODE='NO_AUTO_VALUE_ON_ZERO' */;
/*!40111 SET @OLD_SQL_NOTES=@@SQL_NOTES, SQL_NOTES=0 */;

--
-- Table structure for table `ciudad`
--

DROP TABLE IF EXISTS `ciudad`;
/*!40101 SET @saved_cs_client     = @@character_set_client */;
/*!40101 SET character_set_client = utf8 */;
CREATE TABLE `ciudad` (
  `id` int(6) NOT NULL AUTO_INCREMENT,
  `nombre` varchar(100) NOT NULL,
  `provincia` int(6) NOT NULL,
  `activo` tinyint(1) NOT NULL DEFAULT '0',
  PRIMARY KEY (`id`),
  KEY `fk_ciudad_provincia1` (`provincia`),
  CONSTRAINT `fk_ciudad_provincia1` FOREIGN KEY (`provincia`) REFERENCES `provincia` (`id`)
) ENGINE=InnoDB AUTO_INCREMENT=229 DEFAULT CHARSET=utf8;
/*!40101 SET character_set_client = @saved_cs_client */;

--
-- Dumping data for table `ciudad`
--

LOCK TABLES `ciudad` WRITE;
/*!40000 ALTER TABLE `ciudad` DISABLE KEYS */;
INSERT INTO `ciudad` VALUES (1,'9 de Julio',1,1),(2,'A Coruña',2,1),(3,'Abanillas',3,1),(4,'Adrogue',1,1),(5,'Águeda',4,1),(6,'Ala',5,1),(7,'Alicante',6,1),(8,'Almeria',7,1),(9,'Altivole',8,1),(10,'Amadora',9,1),(11,'Antequera',10,1),(12,'Arganda del Rey',11,1),(13,'Arzignano',12,1),(14,'Ascensiňn',1,1),(15,'Asuncion',13,1),(16,'Australia',14,1),(17,'Avila',15,1),(18,'Aviles',16,1),(19,'Azul',1,1),(20,'Bahia Blanca',1,1),(21,'Banfield',1,1),(22,'Barcelona',17,1),(23,'Benavides de Obrigo',18,1),(24,'Bethlehem',19,1),(25,'Bilbao',20,1),(26,'Bogota',21,1),(27,'Bologna',22,1),(28,'Borgo',23,1),(29,'Borgo Valsugana',5,1),(30,'Boston',24,1),(31,'Brescia',25,1),(32,'Brunete',11,1),(33,'Bucaramanga',26,1),(34,'Busto Arsizio',27,1),(35,'Cáceres',28,1),(36,'Cadiz',29,1),(37,'Cagliari',30,1),(38,'Calabozo',31,1),(39,'Calatayud',32,1),(40,'Cali',33,1),(41,'Campinas',34,1),(42,'Caracas',35,1),(43,'Caracas',36,1),(44,'Caripe',37,1),(45,'Caronno Pertusella',38,1),(46,'Carrara',39,1),(47,'Caspe',32,1),(48,'Castelli',1,1),(49,'Cenaia',40,1),(50,'Chirignago',41,1),(51,'Cienfuegos',42,1),(52,'Cinisello Balsamo',43,1),(53,'Ciudad Autónoma de Buenos Aires',44,1),(54,'Ciudad Autónoma de Buenos Aires',1,1),(55,'Cividale del Friuli',45,1),(56,'Civitavecchia',46,1),(57,'Coimbra',47,1),(58,'Colima',48,1),(59,'Collado Villalba',11,1),(60,'Concordia',49,1),(61,'Coqueiros do sul',50,1),(62,'Cordoba',51,1),(63,'Córdoba',52,1),(64,'Cucata',53,1),(65,'Cudillero',16,1),(66,'Denia',6,1),(67,'Desio',43,1),(68,'Don Torcuato',1,1),(69,'Edmonton',54,1),(70,'El Palomar',1,1),(71,'Elche',6,1),(72,'Estepona',10,1),(73,'Estocolmo',55,1),(74,'Evora',56,1),(75,'Florinas',57,1),(76,'Forli',58,1),(77,'Fray Bentos',59,1),(78,'Genova',60,1),(79,'Getafe',11,1),(80,'Gijón',16,1),(81,'Granada',61,1),(82,'Guadalajara',62,1),(83,'Guayaquil',63,1),(84,'Haedo',1,1),(85,'Hinojedo',64,1),(86,'Huelva',65,1),(87,'Iquique',66,1),(88,'Jaca',67,1),(89,'Jaén',68,1),(90,'Juliaca',69,1),(91,'Junin',1,1),(92,'L\'Aquila',70,1),(93,'La Felguera - Langreo',16,1),(94,'La Laguna',71,1),(95,'La Plata',1,1),(96,'Langreo',16,1),(97,'Lanus',1,1),(98,'Laredo',64,1),(99,'Las Palmas de Gran Canaria',72,1),(100,'Leganés',11,1),(101,'Leon',18,1),(102,'Lima',73,1),(103,'Linares',68,1),(104,'Lisboa',9,1),(105,'Loiano',22,1),(106,'Los Corrales de Buelna',64,1),(107,'Los Polvorines',1,1),(108,'Maceió',74,1),(109,'Madrid',11,1),(110,'Maipu',75,1),(111,'Málaga',10,1),(112,'Manizales',76,1),(113,'Mar del Plata',1,1),(114,'Medellín',77,1),(115,'Distrito Federal',78,1),(116,'Mendoza',75,1),(117,'Mercedes',79,1),(118,'Mexicali',80,1),(119,'Milano',43,1),(120,'Mira',47,1),(121,'Miramar',1,1),(122,'Monte Grande',1,1),(123,'Montecavallo',81,1),(124,'Monterrey',82,1),(125,'Montevideo',83,1),(126,'Morón',1,1),(127,'Motril',61,1),(128,'Murcia',3,1),(129,'Mutilva Alta (Pamplona)',84,1),(130,'Napoli',85,1),(131,'Necochea',1,1),(132,'New Brunswick',86,1),(133,'Novo Hamburgo',50,1),(134,'Obidos',87,1),(135,'Ocaña',88,1),(136,'Olavarria',1,1),(137,'Oporto',89,1),(138,'Orbassano',90,1),(139,'Ourense',91,1),(140,'Oviedo',16,1),(141,'Paderno Dugnano',43,1),(142,'Palma de Mallorca',92,1),(143,'Pamplona',93,1),(144,'Panama',94,1),(145,'Paysandú',95,1),(146,'Pilar',1,1),(147,'Pinamar',1,1),(148,'Ponferrada',18,1),(149,'Pontevedra',96,1),(150,'Porlamar',97,1),(151,'Porto Alegre',50,1),(152,'Portugalete',20,1),(153,'Praia da Vitória',98,1),(154,'Pto Pollensa',99,1),(155,'Puerto de la Cruz',100,1),(156,'Puerto Madryn',101,1),(157,'Quilmes',1,1),(158,'Ramos Mejia',1,1),(159,'Rio Tercero',52,1),(160,'Riva del Garda',5,1),(161,'Rojas',1,1),(162,'Roma',46,1),(163,'Roque Pérez',1,1),(164,'Rosario',102,1),(165,'Ruda',45,1),(166,'Sacile',103,1),(167,'Salamanca',104,1),(168,'Salta',105,1),(169,'San Bernardo',106,1),(170,'San Carlos  Sur',102,1),(171,'San Cristobal de La Laguna',71,1),(172,'San Felipe',107,1),(173,'San Fernando',1,1),(174,'San Fernando del Valle de Catamarca',108,1),(175,'San Guillermo',102,1),(176,'San Isidro',1,1),(177,'San José',49,1),(178,'San José',109,1),(179,'San Justo',1,1),(180,'San Nicolás',1,1),(181,'San Pablo',34,1),(182,'San Sebastian',110,1),(183,'San Sebastian',111,1),(184,'Sant Cugat del Vallčs',17,1),(185,'Santa Cruz de Tenerife',71,1),(186,'Santa Fe',102,1),(187,'Santa Maria',50,1),(188,'Santa Rosa',112,1),(189,'Santiago',106,1),(190,'Santiago de Querétaro',113,1),(191,'Santoña',64,1),(192,'Santos',114,1),(193,'Scandiano',115,1),(194,'SEIA',116,1),(195,'Settimo',90,1),(196,'Sevilla',117,1),(197,'Siena',118,1),(198,'Sintra',9,1),(199,'Solesmes',119,1),(200,'Solopaca',120,1),(201,'Spinea',41,1),(202,'Sucre',121,1),(203,'Tafira',122,1),(204,'Tandil',1,1),(205,'Tenerife',100,1),(206,'Toluca',123,1),(207,'Toronto',124,1),(208,'Torrevieja',6,1),(209,'Treinta y Tres',125,1),(210,'Usini',57,1),(211,'Valencia',126,1),(212,'Valladolid',127,1),(213,'Valle de Chalco',78,1),(214,'Valparaiso',128,1),(215,'Venado Tuerto',102,1),(216,'Verolanuova',25,1),(217,'Vigo',96,1),(218,'Vila Nova de Santo André',129,1),(219,'Vila Praia de Âncora',130,1),(220,'Vilar do Paraiso',89,1),(221,'Villa Viciosa de Odon',11,1),(222,'Villanueva de la Serena',131,1),(223,'Vimercate',43,1),(224,'Vitoria - Gasteiz',132,1),(225,'Xalapa',133,1),(226,'Zaragoza',32,1),(227,'--Ciudad A Revisar 1--',134,1),(228,'--Ciudad A Revisar 2--',135,1);
/*!40000 ALTER TABLE `ciudad` ENABLE KEYS */;
UNLOCK TABLES;

--
-- Table structure for table `provincia`
--

DROP TABLE IF EXISTS `provincia`;
/*!40101 SET @saved_cs_client     = @@character_set_client */;
/*!40101 SET character_set_client = utf8 */;
CREATE TABLE `provincia` (
  `id` int(6) NOT NULL AUTO_INCREMENT,
  `nombre` varchar(100) NOT NULL,
  `pais` int(6) NOT NULL,
  `activo` tinyint(1) NOT NULL DEFAULT '0',
  PRIMARY KEY (`id`),
  KEY `fk_provincia_pais1` (`pais`),
  CONSTRAINT `fk_provincia_pais1` FOREIGN KEY (`pais`) REFERENCES `pais` (`id`)
) ENGINE=InnoDB AUTO_INCREMENT=136 DEFAULT CHARSET=utf8;
/*!40101 SET character_set_client = @saved_cs_client */;

--
-- Dumping data for table `provincia`
--

LOCK TABLES `provincia` WRITE;
/*!40000 ALTER TABLE `provincia` DISABLE KEYS */;
INSERT INTO `provincia` VALUES (1,'Buenos Aires',1,1),(2,'La Coruña',2,1),(3,'Murcia',2,1),(4,'Aveiro',3,1),(5,'Trento',4,1),(6,'Alicante',2,1),(7,'Almeria',2,1),(8,'Treviso',4,1),(9,'Lisboa',3,1),(10,'Málaga',2,1),(11,'Madrid',2,1),(12,'Vicenza',4,1),(13,'Central',5,1),(14,'Australia',6,1),(15,'Avila',2,1),(16,'Asturias',2,1),(17,'Barcelona',2,1),(18,'León',2,1),(19,'Pensilvania',7,1),(20,'Vizcaya',2,1),(21,'Cundinamarca',8,1),(22,'Bologna',4,1),(23,'Latina',4,1),(24,'Massachusetts',7,1),(25,'Brescia',4,1),(26,'Santander',8,1),(27,'Va',4,1),(28,'Cáceres',2,1),(29,'Cadiz',2,1),(30,'Cagliari',4,1),(31,'Guarico',9,1),(32,'Zaragoza',2,1),(33,'Valle del Cauca',8,1),(34,'San Pablo',10,1),(35,'Distrito Capital',9,1),(36,'Miranda',9,1),(37,'Monagas',9,1),(38,'Varese',4,1),(39,'Massa Carrara',4,1),(40,'Pisa',4,1),(41,'Venezia',4,1),(42,'Cienfuegos',11,1),(43,'Milano',4,1),(44,'Capital Federal',1,1),(45,'Udine',4,1),(46,'Roma',4,1),(47,'Coimbra',3,1),(48,'Colima',12,1),(49,'Entre Rios',1,1),(50,'Rio Grande do Sul',10,1),(51,'Cordoba',2,1),(52,'Córdoba',1,1),(53,'Norte de Santander',8,1),(54,'Alberta',13,1),(55,'Estocolmo',14,1),(56,'Evora',3,1),(57,'Sassari',4,1),(58,'Forli',4,1),(59,'Rio Negro',15,1),(60,'Genova',4,1),(61,'Granada',2,1),(62,'Jalisco',12,1),(63,'Guayas',16,1),(64,'Cantabria',2,1),(65,'Huelva',2,1),(66,'Tarapacá',17,1),(67,'Huesca',2,1),(68,'Jaén',2,1),(69,'Puno',18,1),(70,'L\'aquila',4,1),(71,'Santa Cruz de Tenerife',2,1),(72,'Las Palmas',2,1),(73,'Lima',18,1),(74,'Alagoas',10,1),(75,'Mendoza',1,1),(76,'Caldas',8,1),(77,'Medellín',8,1),(78,'México',12,1),(79,'Soriano',15,1),(80,'Baja California',12,1),(81,'Macerata',4,1),(82,'Nuevo Leon',12,1),(83,'Montevideo',15,1),(84,'Navarra',2,1),(85,'Napoli',4,1),(86,'New Jersey',7,1),(87,'Leiria',3,1),(88,'Ocaña',8,1),(89,'Porto',3,1),(90,'Torino',4,1),(91,'Ourense',2,1),(92,'Islas Baleares',2,1),(93,'Nortre de Santander',8,1),(94,'Canal de Panama',19,1),(95,'Paysandú',15,1),(96,'Pontevedra',2,1),(97,'Nueva Esparta',9,1),(98,'Açores',3,1),(99,'Baleares',2,1),(100,'Tenerife',2,1),(101,'Chubut',1,1),(102,'Santa Fe',1,1),(103,'Pordenone',4,1),(104,'Salamanca',2,1),(105,'Salta',1,1),(106,'Metropolitana',17,1),(107,'Yaracuy',9,1),(108,'Catamarca',1,1),(109,'San José',20,1),(110,'Guipúzcoa',2,1),(111,'Gipuzkoa',2,1),(112,'La Pampa',1,1),(113,'Querétaro',12,1),(114,'Sao Paulo',10,1),(115,'Reggio Emilia',4,1),(116,'GUARDA',3,1),(117,'Sevilla',2,1),(118,'Siena',4,1),(119,'Nord Pas de Calais',21,1),(120,'Benevento',4,1),(121,'Bolivar',9,1),(122,'Las Palmas de Gran Canaria',2,1),(123,'Toluca',12,1),(124,'Ontario',13,1),(125,'Treinta y Tres',15,1),(126,'Valencia',2,1),(127,'Valladolid',2,1),(128,'Quinta Region',17,1),(129,'Setubal',3,1),(130,'Viana do Castelo',3,1),(131,'Badajoz',2,1),(132,'Alava',2,1),(133,'Veracruz',12,1),(134,'--Provincia A Revisar 1--',22,1),(135,'--Provincia A Revisar 2--',23,1);
/*!40000 ALTER TABLE `provincia` ENABLE KEYS */;
UNLOCK TABLES;

--
-- Table structure for table `tipo`
--

DROP TABLE IF EXISTS `tipo`;
/*!40101 SET @saved_cs_client     = @@character_set_client */;
/*!40101 SET character_set_client = utf8 */;
CREATE TABLE `tipo` (
  `id` int(6) NOT NULL AUTO_INCREMENT,
  `nombre` varchar(100) NOT NULL,
  PRIMARY KEY (`id`)
) ENGINE=InnoDB AUTO_INCREMENT=11 DEFAULT CHARSET=utf8;
/*!40101 SET character_set_client = @saved_cs_client */;

--
-- Dumping data for table `tipo`
--

LOCK TABLES `tipo` WRITE;
/*!40000 ALTER TABLE `tipo` DISABLE KEYS */;
INSERT INTO `tipo` VALUES (1,'Coro de Voces Mixtas'),(2,'Coro de Camara'),(4,'Coro de Niños'),(5,'Coro de Voces Blancas'),(6,'Coro Gregoriano'),(7,'Coro Masculino'),(8,'Coro Femenino'),(10,'Coro de Tercera Edad');
/*!40000 ALTER TABLE `tipo` ENABLE KEYS */;
UNLOCK TABLES;

--
-- Table structure for table `recurso`
--

DROP TABLE IF EXISTS `recurso`;
/*!40101 SET @saved_cs_client     = @@character_set_client */;
/*!40101 SET character_set_client = utf8 */;
CREATE TABLE `recurso` (
  `id` int(6) NOT NULL AUTO_INCREMENT,
  `ciudad` int(6) NOT NULL,
  `nombre` varchar(100) NOT NULL,
  `detalle` varchar(500) NOT NULL,
  `web` varchar(250) NOT NULL,
  `email` varchar(100) NOT NULL,
  `contacto` varchar(100) NOT NULL,
  `demo` tinyint(1) NOT NULL DEFAULT '0',
  `material` tinyint(1) NOT NULL DEFAULT '0',
  `activo` tinyint(1) NOT NULL DEFAULT '0',
  `modificacion` timestamp NOT NULL DEFAULT CURRENT_TIMESTAMP,
  `hasta` date DEFAULT NULL,
  `desde` date DEFAULT NULL,
  PRIMARY KEY (`id`),
  KEY `fk_recurso_ciudad1` (`ciudad`),
  CONSTRAINT `fk_recurso_ciudad1` FOREIGN KEY (`ciudad`) REFERENCES `ciudad` (`id`)
) ENGINE=InnoDB AUTO_INCREMENT=364 DEFAULT CHARSET=utf8;
/*!40101 SET character_set_client = @saved_cs_client */;

--
-- Dumping data for table `recurso`
--

LOCK TABLES `recurso` WRITE;
/*!40000 ALTER TABLE `recurso` DISABLE KEYS */;
INSERT INTO `recurso` VALUES (13,11,'Profesionales Abstenerse!','Aquí encontraras una relacion de todas las partituras que tengo editadas en algun formato electronico muchas han sido editadas por mi mismo, pero la mayor parte las he ido recopilando durante muchas horas de navegacion tambien algunas me han sido pro','http://www.geocities.com/mopliss','pantani55@hotmail.com','',0,0,1,'2014-01-15 17:49:00',NULL,NULL),(18,16,'Recorder Home Page','Pagina dedicada a la musica, flauta dulce canto y otros elementos','http://members.iinet.net.au/~nickl/recorder.html','nickl@iinet.net.au','Nicholas S. Lander',0,0,1,'2014-01-15 17:49:01',NULL,NULL),(25,22,'Centrecoral','Sitio decicado a la musica Coral con archivos en Encore, Finale, otros programas, una lista paro debates archivos MP3 y Midi entre otros','http://centrecoral.org','benetcm@teleline.es','Benet Camps',0,0,1,'2014-01-15 17:49:01',NULL,NULL),(28,24,'Bach Choir of Bethlehem','Founded in 1898, The Bach Choir of Bethlehem is the oldest Bach Choir in America and gave the first complete performances in the United States of The Mass in B Minor and The Christmas Oratorio.','http://www.bach.org/','office@bach.org','John A. Jordan, Jr',0,0,1,'2014-01-15 17:49:02',NULL,NULL),(45,34,'The Planetary Choir Assembly','Listado de coros del mundo con diversas clasificaciones','http://lausdeo.org/tpca/','coro@lausdeo.org','Remo Reggiani',0,0,1,'2014-01-15 17:49:02',NULL,NULL),(74,53,'Música Coral','Esta página fue creada con el objeto de complementar a la lista de correos MÚSICA CORAL que funciona desde Mayo de 1999 y se propone brindar un servicio en línea que sirva no solo para facilitar y ampliar el contacto entre coreutas, directores de cor','http://www.iespana.es/musicacoral','Tuliofiorentino@interar.com.ar','Tulio Pablo Fiorentino',0,0,1,'2014-01-15 17:49:03',NULL,NULL),(93,53,'Club de musicos','ESTE SITIO ESTA DEDICADO A LOS MÚSICOS Y A SU PUBLICO','http://www.clubdemusicos.com.ar','clubdemusicoa@speedy.com.ar','Carmelo',1,0,1,'2014-01-15 17:49:03',NULL,NULL),(103,53,'Musica Clasica Argentina','Sitio destinado a difundir la activiadad musical argentina','http://www.musicaclasicaargentina.com','musica@interar.com.ar','Ana María',0,0,1,'2014-01-15 17:49:04',NULL,NULL),(114,62,'Asociación de Coros Parroquiales de Cordoba','Coros Parroquiales','http://www.iespana.es/coroparroquial','juande38@hotmail.com','Juan de Dios Fernández Díez',0,0,1,'2014-01-15 17:49:04',NULL,NULL),(116,63,'Sosteniendo Utopías.','La FUNDACIÓN TAKIAN CAY está integrada por sus miembros fundadores: Julio César Villarroel (Presidente), Elizabeth Burba (Secretaria) y Raúl Nisman (Tesorero), junto a Graciela Agüed y Marcela Ozán;','http://www.ijcv.com/takiancay/','takiancay@arnet.com.ar','Julio César Villarroel',0,0,1,'2014-01-15 17:49:05',NULL,NULL),(129,73,'Choir and Choral Music Webring','Add your site for free, to a ring of linked choir and choral music web sites.The Choir and Choral Music Web Ring is an unbroken chain of choir and choral music web sites ranging in content and style from Palestrina to Barbershop.','http://www.webmusic.se/ring/index.htm','','',0,0,1,'2014-01-15 17:49:05',NULL,NULL),(165,102,'Fundación \"Coros delPerú\"','','http://www.corosdelperu.cjb.net','coros@peru.com','coros@peru.com',0,0,1,'2014-01-15 17:49:06',NULL,NULL),(195,113,'Coros de Mar del Plata','Portal Marplatense dedicado a la actividad coral de la zona con informaciones varias de interes para la actividad','http://www.angelfire.com/ar/coromdp','eccomdp@angelfire.com','Alberto',0,0,1,'2014-01-15 17:49:06',NULL,NULL),(250,156,'Coros Municipales de Puerto Madryn','Relacion de los coros Municipales de Puerto Madryn Argentina ciudad muy relacionada con la musica coral y imporyantes festuvales internacionales','http://corosmadryn.www7.50megs.com/','lacunza@arnet.com.ar','Diego Lacunza',0,0,1,'2014-01-15 17:49:07',NULL,NULL),(255,158,'Gente de Coros','Gente de Coros es un programa radial creado y conducido por Marcelo Valva  dedicado a difundir la actividad y la música de los coros y Grupos vocales de todo el mundo, y en particular, de la Argentina.','http://www.paisvirtual.com/musica/clasica/gdcoros/','mvalva@cvtci.com.ar','Marcelo Valva',0,0,1,'2014-01-15 17:49:07',NULL,NULL),(259,162,';The EMVE List Early Music Vocal Ensembles;','The following list contains the names of vocal ensembles who specialize in early music spanning the Gregorian chant to the baroque period. Directors/chorus masters are identified in parentheses.','http://www.intr.net/bleissa/lists/choral.html#cam_ital','bleissa@intr.net','Brad Leissa, M.D.',0,0,1,'2014-01-15 17:49:08',NULL,NULL),(287,181,'Canto Gregoriano','Pagina dedicada a ala practica del canto gregoriano con gran cantidad de ejemplos tomados en vivo de diferentes ceremonias','http://198.62.75.1/www2/cantgreg/index_esp.htm','luishcq@ipt.br','Luís Henrique Camargo Quiroz',1,0,1,'2014-01-15 17:49:08',NULL,NULL),(298,189,'Coros de Chile','Portal Cultural y de difusión de toda la actividad Musical y Coral de Chile, dirigido a músicos, directores de coro, cantantes, coralistas y público en general.','http://www.coros.cl','info@corosdechile.cl','Juan Arturo Hernández',1,0,1,'2014-01-15 17:49:09',NULL,NULL),(333,211,'Infocoros.com','Tu  postal de Musica Coral en España','http://www.infocoros.com','infocoros@ono.com','Jose Carlos Diago',0,0,1,'2014-01-15 17:49:10',NULL,NULL),(353,226,'Archivo Aragones de Musica Coral','Es un banco de datos de música Coral de la Federación Aragonesa de Coros, que suministra información musical, fundamentalmente a instituciones musicales, profesores, formaciones corales, directores, cantores, etc?','http://www.arrakis.es/~aamc/','aamc@arrakis.com','D. Emilio Jiménez',0,0,1,'2014-01-15 17:49:11',NULL,NULL),(356,227,'The Choral Public Domain Library','Bublioteca de recursos corales de Dominio Público','http://www.cpdl.org/','ornes@cpdl.org.','Rafael Ornes',0,0,1,'2014-01-15 17:49:12',NULL,NULL),(357,227,'Cipoo.net','Sitio en ingles con muy buenos recursos','http://www.cipoo.net/index.html','musica@cipoo.net','',1,0,1,'2014-01-15 17:49:12',NULL,NULL),(360,227,'Partituras','Recurso con partituras corales y de otros tipos','http://vocal.bizland.com/','','',0,0,1,'2014-01-15 17:49:13',NULL,NULL),(361,227,'La Abadia','Recurso coral en formacion','http://www.fortunecity.es/salsa/chacarera/421','laabadiacom@uol.com.ar','',0,0,1,'2014-01-15 17:49:13',NULL,NULL),(362,228,'Israel Choral Organization','ISCO was founded in June 1998 in order to support and advance choral singing in Israel and in order to represent its members in various organizations and institutions both in Israel and internationally.','http://www.geocities.com/israelchoral/','nyzer@netvision.net.il','Nira Zer',0,0,1,'2014-01-15 17:49:14',NULL,NULL),(363,227,'Canto Coral Brasil.   Este espaço é dedicado ŕ div','Este espaço é dedicado ŕ divulgaçăo e documentacăo do trabalho realizado por grupos corais brasileiros. Aqui vocę terá a oportunidade de conhecer diversos grupos corais, assim como, informaçőes sobre seus regentes, , repertório executado e contacto','http://www.geocities.com/Vienna/5771/index.htm','cantocoral@geocities.com','Marcos A. Stolfo',0,0,1,'2014-01-15 17:49:14',NULL,NULL);
/*!40000 ALTER TABLE `recurso` ENABLE KEYS */;
UNLOCK TABLES;

--
-- Table structure for table `pais`
--

DROP TABLE IF EXISTS `pais`;
/*!40101 SET @saved_cs_client     = @@character_set_client */;
/*!40101 SET character_set_client = utf8 */;
CREATE TABLE `pais` (
  `id` int(6) NOT NULL AUTO_INCREMENT,
  `nombre` varchar(100) NOT NULL,
  `activo` tinyint(1) NOT NULL DEFAULT '0',
  PRIMARY KEY (`id`)
) ENGINE=InnoDB AUTO_INCREMENT=889 DEFAULT CHARSET=utf8;
/*!40101 SET character_set_client = @saved_cs_client */;

--
-- Dumping data for table `pais`
--

LOCK TABLES `pais` WRITE;
/*!40000 ALTER TABLE `pais` DISABLE KEYS */;
INSERT INTO `pais` VALUES (1,'Argentina',1),(2,'España',1),(3,'Portugal',1),(4,'Italia',1),(5,'Paraguay',1),(6,'Australia',1),(7,'Estados Unidos',1),(8,'Colombia',1),(9,'Venezuela',1),(10,'Brasil',1),(11,'Cuba',1),(12,'Mejico',1),(13,'Canadá',1),(14,'Suecia',1),(15,'Uruguay',1),(16,'Ecuador',1),(17,'Chile',1),(18,'Perú',1),(19,'Panama',1),(20,'Costa Rica',1),(21,'Francia',1),(22,'--Pais A Revisar 1--',1),(23,'Israel',1);
/*!40000 ALTER TABLE `pais` ENABLE KEYS */;
UNLOCK TABLES;

--
-- Table structure for table `coro`
--

DROP TABLE IF EXISTS `coro`;
/*!40101 SET @saved_cs_client     = @@character_set_client */;
/*!40101 SET character_set_client = utf8 */;
CREATE TABLE `coro` (
  `id` int(6) NOT NULL AUTO_INCREMENT,
  `ciudad` int(6) NOT NULL,
  `nombre` varchar(100) NOT NULL,
  `tipo` int(6) NOT NULL,
  `detalle` varchar(500) NOT NULL,
  `web` varchar(250) NOT NULL,
  `email` varchar(100) NOT NULL,
  `contacto` varchar(100) NOT NULL,
  `demo` tinyint(1) NOT NULL DEFAULT '0',
  `material` tinyint(1) NOT NULL DEFAULT '0',
  `activo` tinyint(1) NOT NULL DEFAULT '0',
  `modificacion` timestamp NOT NULL DEFAULT CURRENT_TIMESTAMP,
  `desde` date DEFAULT NULL,
  `hasta` date DEFAULT NULL,
  PRIMARY KEY (`id`),
  KEY `fk_coro_ciudad1` (`ciudad`),
  KEY `fk_coro_tipo1` (`tipo`),
  CONSTRAINT `fk_coro_ciudad1` FOREIGN KEY (`ciudad`) REFERENCES `ciudad` (`id`),
  CONSTRAINT `fk_coro_tipo1` FOREIGN KEY (`tipo`) REFERENCES `tipo` (`id`)
) ENGINE=InnoDB AUTO_INCREMENT=366 DEFAULT CHARSET=utf8;
/*!40101 SET character_set_client = @saved_cs_client */;

--
-- Dumping data for table `coro`
--

LOCK TABLES `coro` WRITE;
/*!40000 ALTER TABLE `coro` DISABLE KEYS */;
INSERT INTO `coro` VALUES (1,1,'Coro Polifónico Ciudad de 9 de Julio',1,'Coro de música popular argentina, latinoamericana, clasica, jazz, etc.','http://www.geocities.com/coropolifonico','hash_fox@internueve.com.ar','Raúl A. Cerdeira / Director',0,0,1,'2014-01-15 17:46:05',NULL,NULL),(2,2,'Follas Novas',1,'Marqués de San Martín, 2 Bajo. 15001 A Coruña. Tlf. 981 211309.;','http://personales.com/espana/coruna/follas_novas','follasnovasweb@mixmail.com','Manuel Folgueiras Conde (Presidente)',0,0,1,'2014-01-15 17:46:06',NULL,NULL),(3,3,'Grupo de coros y danzas \"Stma. Cruz de Abanilla\",',1,'El grupo de coros y danzas \"Stma. Cruz de Abanilla\", se fundó en 1940 bajo los auspicios de la Sección Femenina, al objeto de ir rescatando el folklore de nuestro municipio y zonas limítrofes, teniendo un estilo peculiar,','http://members.es.tripod.de/abanilla/','lolitajimena@hotmail.com','Loly LÓPEZ VIVES',1,0,1,'2014-01-15 17:46:06',NULL,NULL),(4,4,'Coro de Camara de Adrogue',1,'Cantamos por amor a la vida y porque amamos hacer arte. Unimos nuestras voces y nuestras almas en un único instrumento el Coro de Camara de Adrogue','http://www.coroadrogue.com.ar/','email@coroadrogue.com.ar','Susana Rabassa-Daniel Faure',1,0,1,'2014-01-15 17:46:07',NULL,NULL),(5,4,'Coro Juvenil Adrogué',1,'La Asociación Musical Coro Juvenil Adrogué fue constituída en 1995 y está inscripta bajo la matrícula 15380.Tiene por misión dar un marco institucional a las actividades que el Coro Juvenil Adrogué realiza.','http://www.geocities.com/adrogue.geo','correo@corojuveniladrogue.com','Pablo Lalanne',0,1,1,'2014-01-15 17:46:07',NULL,NULL),(6,4,'Coro de Camara de Adrogue',1,'Cantamos por amor a la vida y porque amamos hacer arte.Unimos nuestras voces y nuestras almas en un único instrumento el Coro de Camara de Adrogue','http://www.coroadrogue.com.ar/','email@coroadrogue.com.ar','Susana Rabassa-Daniel Faure',0,0,1,'2014-01-15 17:46:08',NULL,NULL),(7,5,'Orfeăo de Águeda',1,'Fundado em 1916, é actualmente constituído por 50 coralistas.','http://www.orfeaodeagueda.rg3.net','orfeaodeagueda@sapo.pt','António Luis de Brito',1,0,1,'2014-01-15 17:46:08',NULL,NULL),(8,6,'Coro Cittŕ di Ala',1,'21 marzo 1969 viene ricordato come data della prima prova ufficiale. E\' il primo giorno di primavera e si spera che la coincidenza sia di buon auspicio','http://www.roverete.it/corocittadiala','corocittadiala@roverete.it','Lorenzini Luigino',0,0,1,'2014-01-15 17:46:09',NULL,NULL),(9,7,'Orfeon Cantabile',1,'','','','CARLOS CATALA PICO',0,0,1,'2014-01-15 17:46:09',NULL,NULL),(10,8,'CORO SAN PIO X',1,'El mejor coro juvenil de Almeria','http://www.corosanpiox.galeon.com','corosanpiox@hotmail.com','Juan Sebastián Tijeras Uclés',1,0,1,'2014-01-15 17:46:10',NULL,NULL),(11,9,'ACADEMIA ARS CANENDI',2,'Questo nome rievoca la tradizione storica nella quale le &#8220;;Accademie si caratterizzavano per la struttura corale snella composta da pochi elementi e perciň adatta alle esecuzioni di stampo cameristico.;','http://digilander.libero.it/academiaarscanendi/','academia-ars-canendi@libero.it','Meneghello Manuela',0,0,1,'2014-01-15 17:46:10',NULL,NULL),(12,10,'Coral Clave de Sol',1,'Coro Misto Polifónico, Coro Infantil, Escola de Música, Partituras, Teoria e História da Música, Videos, Sons, Imagens, Concertos, Coralistas, Repertório, Viagens, Órgăo Clássico, Aulas de Canto','http://www.coralclavedesol.pt.vu','coralclavedesol@mail.pt','Jorge Afonso',1,1,1,'2014-01-15 17:46:11',NULL,NULL),(14,12,'CORO COSMOPOLITA DE MADRID',1,'REPERTORIO ETNO-ESPIRITUAL','','marianosegalla@hotmail.com','Mariano Andrérs Segalla',0,0,1,'2014-01-15 17:46:11',NULL,NULL),(15,13,'Coro  A.Pellizzari',1,'Il Coro \"A.Pellizzari\" assume il nome di Antonio Pellizzari, suo fondatore, quando questi, nel 1958, muore nella costernazione di tutta la cittŕ di Arzignano','http://members.tripod.it/Coro_Pellizzari','postmaster@coro-Pellizzari.org','Maestro ELISABETTA ILLES',0,0,1,'2014-01-15 17:46:12',NULL,NULL),(16,14,'Coro Polifňnico Ascensiňn',1,'Coro mixto creado en 1996, dirigido desde entonces por el profesor Josč Luis Cuellas. El repertorio es popular, incluyendo entre sus obras la Misa Criolla, con gran exito.','','coropolifonicoascension@hotmail.com','',0,0,1,'2014-01-15 17:46:12',NULL,NULL),(17,15,'Coro Paraguayo de Camara',2,'Coro de voces mixtas, 29 integrantes, con reperetorio variado y un curriculum bastante amplio, giras internacionales.','','astipanovich@hotmail.com','Alejandro Stipanovich - Coordinador de bajos',0,0,1,'2014-01-15 17:46:13',NULL,NULL),(19,17,'Coro Camerata Abulense',1,'Coro voces mixtas. Música polifonica.','','cameratabulense@mixmail.com','Maria Luisa Lopez Arroyo (presidenta) /Jesús Fidalgo Vaquero (director)',0,0,1,'2014-01-15 17:46:13',NULL,NULL),(20,18,'Coro Joven de Aviles',4,'niños y niñas entre 9 y ','http://www.iespana.es/avilesjov','avilesjoven@telecable.es','Juan Carlos Galiano Garcia',0,0,1,'2014-01-15 17:46:14',NULL,NULL),(21,18,'Avilés Musical',2,'Coro joven de voces mixtas','','avilesmusical@hotmail.com','apmg79@hotmail.com',0,0,1,'2014-01-15 17:46:14',NULL,NULL),(22,19,'Grupo Coral Matices',2,'Coral Matices nace en el año 1995 con el propósito de difundir la música popular argentina y latinoamericana.Realiza una vez por mes un encuentro invitando a un coroque tiene el rol protagónico.Por favor contactarnos para ser invitados.','','jurazul@copetel.com.ar','Luis Maria de Olaso',0,0,1,'2014-01-15 17:46:15',NULL,NULL),(23,20,'Coro Schola Cantorum',1,'El Coro Schola Cantorum es creado por iniciativa del Centro de Estudiantes del Conservatorio de Música. Ha realizado presentaciones en la Casa de la Cultura de la UNS, Biblioteca Rivadavia','http://www.criba.edu.ar/conser/artistas/schola.htm','gvelasco@criba.edu.ar','Eduardo González Velasco',0,0,1,'2014-01-15 17:46:15',NULL,NULL),(24,21,'San Gregorio Magno',1,'mixto,repertorio clásico,folclňrico,Negro Spirituals ,etc','','martacalvano@sinectics.com.ar','Prof. Osvaldo Maciel',0,0,1,'2014-01-15 17:46:16',NULL,NULL),(26,22,'AB Magnificat',2,'Coro de Cámara profesional para Bodas, Funerales, Conciertos...formado por Cantantes de Ópera profesionales (Teatro Real, Liceu...) con órgano, ...POR TODA ESPAŃA','http://www.musicaenbodas.com','magnificat@musicaenbodas.com','Miguel Fernández de Santos',1,0,1,'2014-01-15 17:46:16',NULL,NULL),(27,23,'Coro Juvenil \"CANTOS CON AMISTAD\"',5,'Cantamos misas para bodas, bautizos, comuniones, etc. Versiones en música POP, ROCK, SALSA etc. Solo pretendemos alabar a DIOS de una forma divertida y alegre.','http://members.es.tripod.de/cantosconamistad/','cantosconamistad@latinmail.com','s/r',0,0,1,'2014-01-15 17:46:17',NULL,NULL),(29,25,'Coro y Orquesta de Cámara de Bilbao',2,'Coro y Orquesta fundados en 1.977, interpretamos desde madrigales hasta los oratorios más complicados, abarcando un repertorio que va desde los grandes polifonistas europeos hasta los modernos compositores del S. XX','http://www.terra.es/personal9/sercoreca/home.htm','sercoreca@teleline.es','Manolo Vicario',0,0,1,'2014-01-15 17:46:17',NULL,NULL),(30,26,'Coro de la Universidad de Los Andes',1,'El Coro de La Universidad de Los Andes','http://www.uniandes.edu.co/cwis/partic_estudiantil','emancill@unidades.edu.co','Amalia Samper.',0,0,1,'2014-01-15 17:46:18',NULL,NULL),(31,26,'Canticum Novum',6,'La Sociedad CANTICUM NOVUM se conformó en 1984 en la Ciudad de Santafé de Bogotá, Colombia por iniciativa del Psicólogo y Catedrático Dr. Ramiro Alvarez Cuadros  y durante muchos años contó con la dirección del Maestro Luis Torres Zuleta.','http://interletras.com/canticum','canticum@interletras.com','Carlos Eduardo Martínez Villamizar',0,1,1,'2014-01-15 17:46:18',NULL,NULL),(32,26,'Coro Integracion Universidad Nacional',1,'Es una agrupación polifónica a capella creada en 1986 bajo la batuta del Maestro Rubén Dario González. Es un grupo conformado por estudiantes y profesionales de la Universidad Nacional y de otras universidades de la ciudad','http://www.geocities.com/corointegracion','corointegracion@yahoo.com.mx','Fabian Alberto Díaz',0,0,1,'2014-01-15 17:46:19',NULL,NULL),(33,26,'Crescendo Arte',4,'Niños de 6 hasta 16 años. Acompañamiento de piano u órgano e instrumentos típicos de percusión.','','crescendoarte@yahoo.es','Raúl y María Claudia Castaño',0,0,1,'2014-01-15 17:46:19',NULL,NULL),(34,27,'Coro Armônia',1,'L\'Associazione Coro Armônia, che ha sede a Bologna, si č costituita nel 1993 con lo scopo di diffondere la pratica del canto corale a cappella, cioč senza l\'accompagnamento di strumenti musicali.','http://ibogfs.df.unibo.it/user2/paolo/www/armonia/coroarmo.html','cic@comune.bologna.it',';Direttore: Maurizio Guernieri;',0,0,1,'2014-01-15 17:46:20',NULL,NULL),(35,27,'Piccolo Coro \"Mariele Ventre\"',4,'Quell\'anno avevano partecipato alla manifestazione cinque bambini di Bologna che - dopo la bella esperienza della trasmissione televisiva - erano rimasti profondamente legati all\'Antoniano ed alla maestra di canto,   Mariele Ventre.','http://www.antoniano.it/coro/index.html','piccolocoro@antoniano.it','Liliana Caroli.',0,0,1,'2014-01-15 17:46:20',NULL,NULL),(36,27,'Coro Leone',7,'Quando,verso la metŕ dei lontani anni sessanta, alcuni componenti dell\'Associazione Cattolica \"Leone XIII\" decisero di conferire veste armonica piů appropriata alla loro \"voglia di cantare\" non pensavano certamente','http://www2.iperbole.bo.it/c_leone','c_leone@iperbole.bologna.it','Pier Luigi Piazzi',1,0,1,'2014-01-15 17:46:21',NULL,NULL),(37,27,'Coro Stelutis',1,'Il gruppo artistico č nato a Bologna nel 1947 ed č sempre stato diretto dal M°. Giorgio Vacchi. Ha svolto continuativamente attivitŕ legata alla esecuzione di canti della cultura popolare italiana.','http://www.powerstation.it/stelutis','stelutis@mailbox.dsnet.it','Giorgio Vacchi',1,0,1,'2014-01-15 17:46:21',NULL,NULL),(38,28,'Coro A.N.A. di Latina',7,'Cantare, cantare sempre e sopratutto insieme, significherŕ qualcosa? Si, che la musica č parte di loro, nient&#8217;;altro. Quando poi fin da bambini giocavano insieme, era normale intonare a due, tre, quattro voci, le melodie;','http://www.coroalpini.lt.it/','info@coroalpini.lt.it','Ten. Nicola CORRADETTI',1,0,1,'2014-01-15 17:46:22',NULL,NULL),(39,29,'Coro Valsella',7,'Il Coro Valsella nasce nel 1936 a Borgo Valsugana. I primi anni segue l\'esempio del coro della S.O.S.A.T. attenendosi al repertorio classico della tradizione trentina.','http://www.corovalsella.it','corovalsella@yahoo.it','Galvan Romano',1,1,1,'2014-01-15 17:46:22',NULL,NULL),(40,30,'Coro Allegro',1,'``Coro Allegro... is a serious and accomplished outfit that, under director David Hodgkins, has been doing some of the city\'s most interesting choral repertoire -- and superbly.\"','http://www.coroallegro.org/','webmaster@coroallegro.org','David W. Hodgkins',1,0,1,'2014-01-15 17:46:23',NULL,NULL),(41,31,'Coro Filarmonico di Brescia',1,'Sorto nel 1985 col nome \"Scuola Corale del Teatro Grande di Brescia\", si č sviluppato fino all&#8217;;attuale formazione che raccoglie oltre 35 elementi, provenienti da diverse esperienze corali, sotto la guida d&#8217;;insegnanti professionisti.;','http://www.corofilarmonico.it/','segreteria@corofilarmonico.it','Massimo Mazza',1,0,1,'2014-01-15 17:46:23',NULL,NULL),(42,32,'Coro Tomás Luis de Victoria',2,'Coro de cámara centrado fundamentalmente en música antigua y polifonía','http://www.corotlvictoria.es.vg','corotlvictoria@hotmail.com','Javier Uceda',1,0,1,'2014-01-15 17:46:24',NULL,NULL),(43,33,'Coral Universitaria UIS',1,'El coro de la Universidad Industrial de Santander esta   integrado po   estudiantes de las Diversas Facultades de la Universidad interesados en destacar los valores artisticos musicales de Colombia a traves de la musica coral.;','http://www.uis.edu.co','coraluis@uis.edu.co','Gustavo Gómez Ardila',0,0,1,'2014-01-15 17:46:24',NULL,NULL),(44,34,'Coro Polifonico & Orchestra Laus Deo',1,'Laus Deo Polyphonic Choir from Busto Arsizio (Italy) was established in 1974. Our aim is to get Holy Polyphony better known, as an invaluable heritage of the Church, constantly revived by faith and religious experience.','http://www.lausdeo.org','coro@lausdeo.org','Remo Reggiani',1,0,1,'2014-01-15 17:46:25',NULL,NULL),(46,35,'Coro de la Universidad de Extremadura',1,'Fundado durante el curso académico 1974-75 por Dña. Carmen Pérez-Coca y Sánchez-Matas. Está integrado por alumnos y miembros de la comunidad universitaria, siendo su actual director D. Francisco J. Rodilla León.','http://www.unex.es/coro/corouex.htm','corouex@unex.es','Francisco Rodilla León',0,0,1,'2014-01-15 17:46:25',NULL,NULL),(47,36,'Coral de la Universidad de Cádiz',1,'Se fundó en 1982. Su primer Director fue D.Antonio Escobar Perera y el primer Presidente Joaquin Fdez.-Repeto Valls. Se dedica a difundir la musica coral de la epoca virreinal.','http://noposee','coral.universitaria@uca.es  ; tomas.marquez@uca.es','Manuel Tomas Marquez Garrido(Presidente) y Juan Manuel Garcia',0,0,1,'2014-01-15 17:46:26',NULL,NULL),(48,36,'Grupo Coral  Antares',1,'Coro creado en 1997, especializado en música de la Catedral de Cádiz','http://www.coralantares.com','mafral@msn.com','Carlos Albarracín Varela',1,0,1,'2014-01-15 17:46:27',NULL,NULL),(49,37,'Coro Polifonico Francescano',1,'Il Coro Polifonico Francescano inizia la propria attivitŕ artistica nel 1995, da un nucleo di piccole dimensioni che si č rapidamente esteso fino a portare l\'ensemble al numero attuale di quarantacinque elementi','http://digilander.iol.it/corofrancescano','coro.francescano@tiscalinet.it.','Stefania Pineider',1,0,1,'2014-01-15 17:46:27',NULL,NULL),(50,38,'Coral Polifonica Cuamemse \"Raimundo Pereira\"',1,'Fundada en 1995, con gran proyecciňn dentro y fuera de Venezuela. Experiencia Internacional: Cuba (1999), España (2000), Mčxico (2001). Repertorio de diferentes estilos y čpocas.;','','raimundopereira@hotmail.com','Asociaciňn Civil \"Raimundo Pereira\"',0,0,1,'2014-01-15 17:46:28',NULL,NULL),(51,39,'Augusta Bílbilis',5,'de 9 a 20 años de edad;;chicos y chicas;','','vsolanas@educa.aragob.es','Víctor Solanas',0,0,1,'2014-01-15 17:46:28',NULL,NULL),(52,40,'CORO MARTINA',1,'Interpretamos Música Popular y Folklórica de Colombia y Latinoamérica.','http://www.iespana.es/coromartina','coromartina@hotmail.com, coro_martina@yahoo.com','Edith \"Dita\" Martina',1,0,1,'2014-01-15 17:46:29',NULL,NULL),(53,40,'Coro de la Pontificia Universidad Javeriana de Cali',1,'Grupos de jovenes estudiantes de diferentes carreras, que comparten el gusto por la música vocal, interpretando un repertorio variado con énfasis en el Rock','','johnherney66@hotmail.com','John Herney Cortés',0,0,1,'2014-01-15 17:46:29',NULL,NULL),(54,41,'Opera Prima',1,'A História conta que a arte vocal tem por princípio uma reuniăo de pessoas com um objetivo determinado e comum. Quer seja solo a capella ou um conjunto vocal, a interaçăo das pessoas envolvidas no processo','http://www.aquarium.com.br/daniel/principal.htm','operaprima@aquarium.com.br','Daniel Amato',0,1,1,'2014-01-15 17:46:30',NULL,NULL),(55,42,'Cantarte',2,'Se especializa en música sacra renacentista y del siglo XX','','cantartecc@hotmail.com','César Alejandro Carrillo',0,0,1,'2014-01-15 17:46:30',NULL,NULL),(56,43,'Coral CANTV',1,'Coro de la Compañía Anónima Nacional Teléfonos de Venezuela,fundado en 1969. Se especializa en realizar un Festival al año en forma de espectáculo, con propuestas específicas por parte de los coros participantes','http://www.webcindario.com/fundacioncoralcantv','coral@cantv.net','Carol Montagutelli',0,0,1,'2014-01-15 17:46:31',NULL,NULL),(57,44,'Coro de camara de Caripe',2,'Coro de adultos para desarrollo cultural de la zona, musica clasica, religiosa , comtenporanea y folklorica','','cheoalc@cantv.net','Prof. José Alcibíades',0,0,1,'2014-01-15 17:46:31',NULL,NULL),(58,45,'Coro Aurora',1,'I motivi che spingono una persona, un\'associazione, un gruppo a voler fare conoscere la propria attivitŕ, la propria proposta culturale, il proprio modo di FARE SPETTACOLO sono molteplici e di pari importanza.','http://members.tripod.it/~coro_aurora','_arnab@tiscalinet.it','Andrea Arnaboldi',0,0,1,'2014-01-15 17:46:32',NULL,NULL),(59,46,'Coro Monte Sagro',7,'E\' sempre piu\' difficile negli anni spiegare in poche parole chi sia il Coro \"Monte Sagro\", come e perche\' sia nato, senza ripetere i \"cliche\' \" che si utilizzano in queste occasioni;; sottolineiamo una cosa sola, accaduta nel 1963: la decisione import;','http://www.coromontesagro.it/coroM/index1.html','montesagro@geocities.com','Alessandro Buggiani',0,0,1,'2014-01-15 17:46:32',NULL,NULL),(60,46,'Coro Monte Sagro',8,'E\' sempre piu\' difficile negli anni spiegare in poche parole chi sia il Coro \"Monte Sagro\", come e perche\' sia nato, senza ripetere i \"cliche\'\" che si utilizzano in queste occasioni;; sottolineiamo una cosa sola;','http://www.coromontesagro.it/coroF/index2.html','montesagro@geocities.com','ALESSANDRO BUGGIANI',0,0,1,'2014-01-15 17:46:33',NULL,NULL),(61,47,'Coral Municipal \"Ciudad de Caspe\"',1,'Página en la que conocerás nuestra historia de casi 30 años, repertorio actual, componentes, director, noticias, conciertos, dirección de contacto y comentarios sobre obras y compositores de nuestro repertorio.','http://www.navegalia.com/personal/coralcaspe/index.html','coralcaspe@navegalia.com','José Luis',0,1,1,'2014-01-15 17:46:33',NULL,NULL),(62,48,'Coro infantil \"LOS ZORZALITOS\" de CXastelli',4,'Esta agrupación coral pertenece al Hogar escuela Cristo Rey de Castelli y fue creada en junio de 2001 Está formada por 36 niños de edades que van de los 9 a 12 años. Cuenta con la dirección del profesor Andrés Bourras, la cual es totalmente ad honorem.','http://www.castelli.mun.gba.gov.ar/cultura_coro_infantil_1.html','','Andres Bourras',0,0,1,'2014-01-15 17:46:34',NULL,NULL),(63,49,'Coro Giovanile Parrocchiale',4,'Il coro giovanile č composto da 21 ragazzi/e di etŕ non inferiore a 10 anni;; ci troviamo una volta alla settimana per fare delle prove e animiamo la Liturgia durante la S. Messa del Sabato sera. Partecipiamo anche a battesimi, cresime,;','http://members.tripod.it/LFranz/coro.htm','l_franz@iol.it','',0,0,1,'2014-01-15 17:46:34',NULL,NULL),(64,49,'Coro Giovanile Parrocchiale',1,'Il coro nacque dall\'idea, di un gruppo di amiche di circa 15/16 anni, di passare del tempo insieme cantando. Una di loro sapeva leggere la musica, un\'altra si arrangiava con accordi;','http://www.pernici.net/coro','coro@pier.nu','',0,0,1,'2014-01-15 17:46:35',NULL,NULL),(65,50,'Coro Lorenzo Perosi',1,'Il Coro \"L. Perosi\" vanta una lunga tradizione: negli anni \'50 era arrivato ad avere oltre cento cantori ed aveva partecipato, assieme ai complessi della Fenice, ad una celebre esecuzione della \"Resurrezione di Cristo\" del Perosi;','http://users.iol.it/the_furlans/page5.html','the_furlans@iol.it','Diego Trevisan',0,0,1,'2014-01-15 17:46:35',NULL,NULL),(66,51,'Cantores de Cienfuegos',2,'Mujeres y Hombres','','cantoresdecienfuegos@correosonline.co.cu','Mileydy Oropesa',0,0,1,'2014-01-15 17:46:36',NULL,NULL),(67,52,'Coro Polifonico Gymnasium Harmoniae',1,'Il Coro polifonico Gymnasium Harmoniae č nato a Cinisello Balsamo nel settembre 1993 per iniziativa di un gruppo di giovani amici amanti della musica e del canto.','http://members.tripod.com/~corogh','gymnasiumharmoniae@email.com','Alberto Zaniboni',0,0,1,'2014-01-15 17:46:36',NULL,NULL),(68,53,'Coro de Jovenes de Aun',1,'El Coro de Jóvenes se formó en junio del año 1998 por iniciativa de miembros de la Asociación Universitaria Nikkei, con el objeto de  agrupar a jóvenes de la comunidad nikkei en una actividad social en común.','http://www.geocities.com/cjaun/','cjaun@usa.net','Gustavo Giménez',1,0,1,'2014-01-15 17:46:37',NULL,NULL),(69,53,'Grupo de Canto Coral',1,'El GCC - Grupo de Canto Coral es una institución dedicada al canto coral, con veintiséis años de existencia y de reconocida trayectoria en el medio artístico argentino y en el exterior','http://www.gcc.org.ar/','gccna@datamarkets.com.ar,juliamas@yahoo.com','Nestor Andrenacci',1,1,1,'2014-01-15 17:46:37',NULL,NULL),(70,53,'Ensamble Coral Carlos Guastavino',5,'Hemos generado un proyecto que abarca distintas agrupaciones ?este coro y pequeños conjuntos de cámara, y estamos proyectando cursos y seminarios para cantantes y pianistas, con el objetivo de difundir la obra de un compositor cuya genialidad como','http://www.guastavino.com/','lauraj@netex.com.ar','Eduardo Mendelievich',0,0,1,'2014-01-15 17:46:38',NULL,NULL),(71,53,'Cantares del Caminante',1,'Agrupacion coral mixta independiente. Repertorio musica popular.','http://www.cantaresdelcaminante.freeservers.com','caminantescoro@yahoo.com','Jorge Seijo',0,0,1,'2014-01-15 17:46:38',NULL,NULL),(72,53,'Lumen Dei',2,'25 integrantes, repertorio popular, litúrgico, clásico, Misa Criolla, ex director E. Vallejo, antiguedad 11 años ininterrumpidos  Coro independiente, amigo de Don Orione.','http://www.corolumendei.com.ar','stellacare@hotmail.com','Stella Caretti',0,0,1,'2014-01-15 17:46:39',NULL,NULL),(73,54,'coro de la facultad de agronimía de la UBA',1,'mixto y femenino','http://cablemodem.fibertel.com.ar/coro_fauba/','tciarla@agro.uba.ar','María Teresa Ciarla',0,0,1,'2014-01-15 17:46:39',NULL,NULL),(75,53,'Vocal Consonante',1,'Grupo Vocal de música popular argentina/americana;','','vocalconsonante@uolsinectis.com.ar','Eduardo Ferraudi',0,0,1,'2014-01-15 17:46:40',NULL,NULL),(76,53,'Grupo coroteatral de la escuela de musica TEMA',1,'Coro vocacional, de musica popular,con textos y puesta en escena.','http://www.escuelatema.com.ar','informes@escuelatema.com.ar','M Teresa Fleck',0,0,1,'2014-01-15 17:46:40',NULL,NULL),(77,53,'Coro Inspt de la Universidad Tecnológica Nacional',2,'Coro Universitario creado en 2002 .Repertorio clásico y popular, 20 integrantes de ambos sexos.','http://www.coroinspt-utn.com.ar','director@coroinspt-utn.com.ar','Martín Pittaluga',1,1,1,'2014-01-15 17:46:41',NULL,NULL),(78,53,'Coro Ferrocarril Oeste',1,'ˇSiempre incorporamos nuevas voces!Si te interesa, no dejes deescribirnos','http://www.coralfco.com.ar/','webmaster@coralfco.com.ar','Leonardo San Juan.',0,0,1,'2014-01-15 17:46:41',NULL,NULL),(79,53,'Amicanto',1,'Coro dedicado a la musica variada','http://www.amicanto.com.ar/','amicanto@amicanto.com.ar','Cristina Imerito',1,0,1,'2014-01-15 17:46:42',NULL,NULL),(80,53,'CORO SUIZO DE BUENOS AIRES',1,'Coro integrado por suizos, repertorio popular suizo y argentino','http://www.geocities.com/corosuizodebuenosaires','corosuizodebuenosaires@swissinfo.org','SERGIO GOLDWASSER',1,0,1,'2014-01-15 17:46:42',NULL,NULL),(81,53,'Grupo Vocal LiCan',1,'Grupo coral dedicado a la música popular argentina y latinoamericana','http://www.corolican.com.ar','lican@musician.org','Pablo Caldarola',1,0,1,'2014-01-15 17:46:43',NULL,NULL),(82,53,'Ensamble coral Devoto',1,'Grupo coral, encuentros y conciertos, preparacion coral y arreglos propios.','http://encode.fwd.com.ar/','ensamblecoraldevoto@ciudad.com.ar','Oscar Gagliano',1,0,1,'2014-01-15 17:46:43',NULL,NULL),(83,53,'KLAPA B.A.',7,'Voces Masculinas. Canciones de la costa Dalmata Croata','http://www.klapaba.com.ar','klapaba@klapaba.com.ar','Ivo Puches',1,0,1,'2014-01-15 17:46:44',NULL,NULL),(84,53,'Coral de los 3',1,'Coro de repertorio variado.','http://www.btesa.com.ar/coraldelos3','fpolonuer@yahoo.com','Fernando Polonuer',1,0,1,'2014-01-15 17:46:44',NULL,NULL),(85,53,'Coro Yupaz',7,'Nuestra historia comienza a fines de 1983 cuando un grupo de nosotros, que ya habiamos cantado juntos siendo niños en el Coro Popular  de Buenos Aires , decide reunirse para volver a cantar de esta manera comenzamos a caminar el sendero de la musica','http://www.yupaz.com/','yupaz@yahoo.com.ar','Daniel Arrieta',0,0,1,'2014-01-15 17:46:45',NULL,NULL),(86,53,'Coro Metacanto',1,'Uno de nuestros objetivos fundamentales es transmitir a través de nuestro canto formas de expresión, de comunicación y también placer a través del arte, pues los hombres se comunican','http://www.geocities.com/Vienna/Opera/4521/','metacanto@gratis1.com.ar','Gabriel Alejandro Lage',0,0,1,'2014-01-15 17:46:45',NULL,NULL),(87,53,'Asícalados',2,'Coro de 16 jóvenes entre 20 y 30 años, dedicado a la música popular de todo el mundo.','','asicalados@yahoo.com.ar','Clementina Pacheco',0,0,1,'2014-01-15 17:46:46',NULL,NULL),(88,53,'Modus Ponems',2,'El Coro Modus Ponems nació en Junio de 1987 en la Capital Federal, con objetivos fundamentales: Conformar un repertorio de música popular digno y original. Aprovechando su condición de agrupación independiente, ayudar a las instituciones benéficas;','http://cobweb.com.ar/modus_ponems/','diegosarquis@yahoo.com','Diego Sarquis',0,0,1,'2014-01-15 17:46:46',NULL,NULL),(89,53,'Coral mi sol de la escuela de música TEMA',1,'coro con puestas en escena ;telefono particular del director: 4583-2054;','','coralmisol@hotmail.com','Fernando Martorell',0,0,1,'2014-01-15 17:46:47',NULL,NULL),(90,53,'Coro Americanto',1,'Coro de música popular argentina y latinoamericana con dirección y arreglos de Fernando Martorell  (tel: 011- 4583-2054). Cuenta con 26 integrantes.El repertorio es elegido entre todos. Para el ciclo 2002 incorpora voces masculinas.;','http://www.coroamericanto.com.ar','fmartorell@netizen.com.ar','Fernando Martorell',1,0,1,'2014-01-15 17:46:47',NULL,NULL),(91,53,'Coronostro',1,'Coro polifónico dedicado a la musica popular argentina y latinoamericana','http://ar.geocities.com/coronostro','bebetu7@yahoo.com.ar','Sebastián Clerc',1,0,1,'2014-01-15 17:46:48',NULL,NULL),(92,53,'Coro Nacional de Jóvenes',1,'El Coro Nacional de Jóvenes, que depende de la Dirección Nacional de Artes, Secretaría de Cultura de la Presidencia de la Nación Argentina, fue formado en 1985 con el objetivo de completar el ciclo de actividad','http://www.conajo.org.ar/','director@conajo.org.ar','Néstor Zadoff',1,0,1,'2014-01-15 17:46:48',NULL,NULL),(94,54,'Coro Popular Judío \"Mordje Guebirtig\"',1,'Creado en 1995, cantamos canciones en idish, hebreo, español, ladino y ruso.','http://elcoro.com.ar','elcoromg@yahoo.com.ar','Reizl Sztarker',1,0,1,'2014-01-15 17:46:49',NULL,NULL),(95,53,'Cantoria Lugano',1,'Fundada en 1972 en Lugano, Buenos Aires -Argentina-, por su actual director Eduardo Vallejo, es una institución sin fines de lucro, que difunde la música coral en todas sus formas','http://www.cantorialugano.8m.com/home.htm','evallejo@ciudad.com.ar','EDUARDO VALLEJO',0,0,1,'2014-01-15 17:46:49',NULL,NULL),(96,53,'Coro Kennedy',1,'El Coro Kennedy fue creado en 1983, por su actual director: el Maestro Raúl Fritzsche.;','http://www.corokennedy.com','corokennedy@corokennedy.com','Raúl Fritzsche',1,0,1,'2014-01-15 17:46:50',NULL,NULL),(97,53,'Coro de la Universidad del Salvador',1,'Coro formado por 30 integrantes cuyo repertorio está orientado a la música argentina y latinoamericana de raiz popular y académica, no descartando repertorios universales. Tambien funciona una camerata de cuerdas integrada por veinte músicos.','http://www.salvador.edu.ar','coro-usal@salvador.edu.ar','Responsable: Ricardo Gabriel Sidelnik;',0,0,1,'2014-01-15 17:46:51',NULL,NULL),(98,53,'Coro Polifónico de Ciegos Carlos Roberto Larrimbe',1,'El Coro Polifónico Nacional de Ciegos \"Carlos Roberto Larrimbe\" es una institución que actualmente depende de la Secretaría de Cultura y Medios de Comunicación de la Presidencia de La Nación y tiene su centro de actividades en la ciudad de Buenos Air','http://www.iespana.es/corodeciegos','corodeciegos@ciudad.com.ar','Osvaldo Cesar  Manzanelli',0,0,1,'2014-01-15 17:46:51',NULL,NULL),(99,53,'Vocal Ensayos',2,'Coro de cámara formado por once cantantes que se han especializado en la música del Renacimiento. Su repertorio incluye obras de distintos autores del período citado entre los cuales se destacan Giovanni Perluigi da Palestrina, Tomás Luis de Victoria','http://members.nbci.com/Vocens/','vocens@xoommail.com','Carlos Raúl Cunioli',0,0,1,'2014-01-15 17:46:52',NULL,NULL),(100,53,'Coro Marco del Pont',1,'Somos un grupo que nos reunimos par hacer música,podés compartir ese momento con nosotros si lo deseás.; tel.4 639-8809 o  4 866-5383','','coromarcodelpont@hotmail.com',' ??',0,0,1,'2014-01-15 17:46:52',NULL,NULL),(101,53,'Coral de las Americas',1,'repertorio folklorico popular latinoamericano','http://www.culturarte.8k.com/coros/americas/americas.htm','coraldelasamericas@argentina.com','Damian Sanchez',0,0,1,'2014-01-15 17:46:53',NULL,NULL),(102,54,'Coral Demos',1,'Espectáculos musicales profesionales, con repertorio popular argentino y latinoamericano. Ensayos los martes y sábados en Floresta-Devoto.','','demos@artes.net.ar','Gabriel Gestal',0,0,1,'2014-01-15 17:46:53',NULL,NULL),(104,53,'Cantoria Recoleta',1,'Somos un grupo coral e instrumental dispuesto a lograr que cada acontecimiento importante de su vida tenga la calidad artistica que dicho momento merece. Participamos en: Casamientos, Ceremonias Liturgicas, Eventos Particulares y Empresariales.','http://www.geocities.com/cantoriarecoleta','cantoriarecoleta@hotmail.com','Maestro Hector Osvaldo Saab',0,0,1,'2014-01-15 17:46:54',NULL,NULL),(105,55,'Coro Renzo Basaldella',7,'Il Coro, lo scorso anno, festeggiava il trentennale della sua fondazione nell\'attuale formazione. Esso si costituě nel giugno del 1969, per iniziativa del compianto Adelchi Marcuzzi e dell\'indimenticato Gigi Della Rovere;','http://digilander.iol.it/corocai','david.pisa@libero.it','Aldo Palzzolo',0,0,1,'2014-01-15 17:46:54',NULL,NULL),(106,56,'Coro Guido D\'Arezzo',1,'Il Coro Polifonico Guido D\'Arezzo costituito a Civitavecchia (Rm) nel 1988 dal Maestro Luca Pernice č composto di 40 coristi. Sempre attivo nella vita culturale cittadina il Coro Guido D\'Arezzo ha partecipato a numerose Manifestazinni culturale','http://web.tin.it/corale/corale.htm','elenae@mbox.vox.it','Maestro Luca Pernice',0,0,1,'2014-01-15 17:46:55',NULL,NULL),(107,57,'Schola Cantorum',7,'Coro Universitario','http://www.aac.uc.pt/fado/','sfaac@portugalmail.pt','Virgílio Caseiro',0,0,1,'2014-01-15 17:46:55',NULL,NULL),(108,57,'Coro da Capela da Universidade de Coimbra',1,'Tem como principal objectivo a interpretaçăo de Música Sacra nos actos litúrgicos celebrados na Capela da Universidade, ou que ŕ Universidade digam respeito, como por exemplo, a tradicional Bençăo das Pastas.','http://www.uc.pt/ccuc','ccuc@portugalmail.ptccuc@portugalmail.pt','Paulo Moniz',0,0,1,'2014-01-15 17:46:56',NULL,NULL),(109,58,'Coro de la Universidad de Colima',1,'El Coro de La Universidad de Colima fundado en febrero de 1996, bajo la dirección del maestro José Antonio Frausto Zamora, su actual director.  Hace su primer presentación en julio de este mismo año en el Festival de las Bellas Artes en Manzanillo','http://www.ucol.mx/cultura/grupos/coro.html','antonio_frausto@yahoo.com','Mtro. José Antonio Frausto Zamora',0,0,1,'2014-01-15 17:46:56',NULL,NULL),(110,59,'Casa de Castilla y León en la Sierra',1,'Voces e instrumentos de música castellano-leonesa','http://cason.iespana.es','cason@iespana.es','Manuel Nicolás - tf. 91 850 4422',0,0,1,'2014-01-15 17:46:57',NULL,NULL),(111,60,'Coro \"Tahil Mapu\"',1,'TAHIL MAPU es un vocablo mapuche que significa \"Canto de la Tierra\"Este Coro surge en CONCORDIA -Provincia de Entre Ríos- República Argentina, en marzo de 1986 como agrupación independiente, y a fines de ese mismo año es incorporado a la Secretaría','http://www.concordia.com.ar/Usuarios/TahilMapu/default.html','asocactm@concordia.com.ar','',0,0,1,'2014-01-15 17:46:57',NULL,NULL),(112,60,'Coro Magníficat',1,'Nace en el 98, con la dirección del P Leonardo SJ. Aproxim. 40 voces mixtas; el grupo tiene la inquietud de participar en diferentes encuentros en todo el país. Ensayos Jueves 19,30 en la Pquia Ntra Sra de los Angeles. No requiere conocim: mus-coral.','','coro_magnificat@hotmail.com','',0,0,1,'2014-01-15 17:46:58',NULL,NULL),(113,61,'Coral Misto Coqueiros do Sul',1,'Coro de voces mixtas de reciente formación','','rudi@ciinet.com.br','Jana Maria Santa Kich',0,0,1,'2014-01-15 17:46:58',NULL,NULL),(115,63,'Coro Takitos',4,'Este coro está abierto a todos los chicos sin requerimientos de experiencia o formación musical. Está dirigido por la Prof. Andrea LELLI, con el asesoramiento pedagógico de la Prof. Elizabeth BURBA.','http://www.ijcv.com/takiancay/Contenido/takitos.htm','takiancay@arnet.com.ar','Cocho Pedraza',0,0,1,'2014-01-15 17:46:59',NULL,NULL),(117,64,'CLUB DE ESTUDIANTES CANTORES UFPS',1,'CORO DE VOCES MIXTAS DEDICADO A LA MUSICA FOLCLORICA LATINOAMERICANA','','anreyeslorenzo@hotmail.com','JORGE ANTONIO REYES ZUŃIGA',0,0,1,'2014-01-15 17:46:59',NULL,NULL),(118,65,'Coro Mixto \"San Pedro\" de Cudillero',1,'coro de voces mixtas','http://www.corocudillero.com','corocudillero@hotmail.com','Victor Garcia',0,0,1,'2014-01-15 17:47:00',NULL,NULL),(119,66,'Orfeó de Denia',1,'Formado a finales del año 1981, el Orfeó de Denia mantiene una importante labor cultural y representativa, ofreciendo conciertos en multitud de ciudades del estado español, al igual que en países como Francia y Suiza.','http://www.terra.es/personal3/orfeodenia','juliobp@ctv.es','Pepa Álvarez Salort',0,0,1,'2014-01-15 17:47:00',NULL,NULL),(120,67,'Coro Citta\' Di Desio',1,'Il CORO CITTŔ DI DESIO č nato dall&#8217;;esigenza di piů persone di conoscere e vivere insieme l&#8217;;esperienza musicale attraverso il repertorio della musica corale.;','http://www.corocittadidesio.it/','ebalest@tin.it','Enrico Balestreri',0,0,1,'2014-01-15 17:47:01',NULL,NULL),(121,68,'Coro Vivencias',1,'Nuestro  coro nació en 1995 como  iniciativa de nuestro director jorge cruz y de algunos padres del colegio \" don torcuato\". viene ofreciendo Aproximadamente 12 conciertos anuales en importantes instituciones , la mayoría de estos a beneficio de cari','http://www.corovivencias.iespana.es/corovivencias/','pimavi@yahoo.com.ar','',0,0,1,'2014-01-15 17:47:01',NULL,NULL),(122,69,'Pro Coro Canada',1,'Founded in 1980by Alberta native Michel marc Gervais,the choir was conceived as an instrument in the Squedish choral tradition of our Honorary Director Eric Ericson','http://www.procoro.ab.ca/','thechoir@procoro.ab.ca','',1,0,1,'2014-01-15 17:47:02',NULL,NULL),(123,70,'Polifonico SITAS',1,'Coro de voces mixtas de repertorio popular','http://www.iespana.es/corositas','corositas@yahoo.com.ar','Clerc Sebastian',0,0,1,'2014-01-15 17:47:02',NULL,NULL),(124,71,'Coral Jovenívola',1,'Somos una coral con alrededor de 30 coralistas y ejecutamos obras de todas las épocas, desde pequeñas obras de trovadores pasando por los grandes compositores como Mozart hasta obras contemporaneas como Geografical Fuge, por ejemplo.','http://www.terra.es/personal2/jovenivola','jovenivola@elche.com','Rosa MŞ Abellán Navarrete',1,0,1,'2014-01-15 17:47:03',NULL,NULL),(125,71,'Coro Universitario Cardenal Herrera - CEU de Elche',1,'Web Oficial del Coro Universitario Cardenal Herrera - CEU de Elche','http://www.coroceu.es.vg','coroceu-webmaster@iespana.es','',0,0,1,'2014-01-15 17:47:03',NULL,NULL),(126,71,'Coro Universitario Cardenal Herrera - CEU de Elche',1,'Coro Universitario','http://www.coroceu.es.vg','coroceu-webmaster@iespana.es','webmaster',0,0,1,'2014-01-15 17:47:04',NULL,NULL),(127,71,'Coral Amics Cantors',1,'Somos un grupo de amigos de todas las edades, al que nos encanta la música y la amistad, y nos reunimos para disfrutar de nuestra compañía y cantar. Y lo hacemos bien, pues hemos ganado muchos premios. Cantamos música religiosa, polifónica, habaneras','','rleal@arrakis.es','Rosario Torres Salinas',0,0,1,'2014-01-15 17:47:04',NULL,NULL),(128,72,'Coral Magnum Mysterium',1,'Coro polifónico ubicado en la Costa del sol','http://coralestepona.miarroba.com','ladrero@wol.es','Francisco Casillas',1,0,1,'2014-01-15 17:47:05',NULL,NULL),(130,74,'Coro Gregoriano de Evora',8,'Fundado em Outubro de 1994 sob a direcçăo de Filipa Taipina, é constituído por elementos femininos. Depois de se ter estreado em Abril de 1995 na Igreja da Misericórdia','http://www.cge.web.pt/','filipataipina@hotmail.com','FILIPA TAIPINA',1,0,1,'2014-01-15 17:47:05',NULL,NULL),(131,75,'Coro di Florinas',7,'Non č facile capire in che anno si formň il primo Coro di Florinas;; infatti, dalle ricerche fatte e da quanto la memoria orale ha lasciato arrivare ai nostri giorni, siamo certi che giŕ alla fine degli anni \'800, esisteva un gruppo corale;','http://space.tin.it/spettacolo/frzara/Index.htm','coroflor@tin.it','',0,0,1,'2014-01-15 17:47:06',NULL,NULL),(132,76,'Coro \"Cittŕ di Forlě\"',1,'Il coro \"Cittŕ di Forlě\" č nato nel febbraio 1977 e, da allora, ha sostenuto circa 500 esibizioni. A Forlě il coro si č esibito in teatri, quartieri, chiese, scuole (lezioni-concerto) e TV private.','http://www.fcv.it/cultura/coroforli','coro@fcv.it','Nella Servadei Cioja',0,0,1,'2014-01-15 17:47:06',NULL,NULL),(133,77,'Agrupación Coral Fray Bentos',1,'La \"Agrupación Coral Fray Bentos\" es un grupo Coral que inicia sus actividades el 1ro. de Febrero de 1975, y en este 2000 se encuentra transitando sus Bodas de Plata25 Años de actuaciones en distintas ciudades del Uruguay','http://www.acirn.com/coral/index.htm','','',0,0,1,'2014-01-15 17:47:07',NULL,NULL),(134,78,'Il Cerchio Armonico',1,'Il Cerchio Armonico, coro a voci miste, nasce nel 1993 da un gruppo di amiciche si riunisce in casa di Gianni Franconi, entusiasta animatore e direttore,per il puro gusto di stare insieme e di cantare.','http://members.tripod.it/cerchioarmonico','cerchioarmonico@lycosmail.com','s/r',0,1,1,'2014-01-15 17:47:07',NULL,NULL),(135,78,'Coro Monte Cauriol',7,'Anno 1950 - Capita che a Genova, all\'universitŕ, uno studente di ingegneria sta canticchiando una canzone della SAT. Un\'altro fa eco. Arrivano due di Trento che studiano a Genova. Hanno tutti il \"mal di montagna\" e, guarda il caso','http://www.corocauriol.com/','coromontecauriol@libero.it','Aldo CRIMI',1,0,1,'2014-01-15 17:47:08',NULL,NULL),(136,79,'Coral Adagio',1,'Compuesto por casi 40 componentes, visita nuestra pag. y si estas interesado, no dudes en unirte a nosotros','http://www.webcindario.com/coraladagio','coraladaggio@hotmail.com','Fernando Rodriguez',0,0,1,'2014-01-15 17:47:08',NULL,NULL),(137,80,'Rosario Acuña',8,'El Coro Rosario Acuña es un coro femenino con un repertorio a cuatro voces,','http://www.igijon.com/personales/cororosa','cororosa@igijon.com','Ana Camblor',1,0,1,'2014-01-15 17:47:09',NULL,NULL),(138,81,'Coral Polifonica San Miguel Arcangel de Granada',1,'Coral Polifonica de Música Clásica, religiosa y profana','http://www.CoralSMA.es.fm','Beatlestrauss@hotmail.com','David A. Ruiz Baños',0,0,1,'2014-01-15 17:47:09',NULL,NULL),(139,81,'LA CANTORÍA',2,'La Cantoría es un grupo vocal de cámara con amplia formación técnica y musical recibida de maestros del prestigio de Harry Christophers, Peter Phillips, The Scholars, Carlos Mena y The Sixteen Choir.','http://www.lacantoria.es.vg','lacantoria@mixmail.com','Pablo Heras Casado',0,0,1,'2014-01-15 17:47:10',NULL,NULL),(140,81,'Cantate Domino',1,'Cantate Domino comienza su andadura musical en 1994. Aparte de frecuentes intervenciones en actos religiosos y otros conciertos, su actividad suele centrarse en los ciclos musicales de Navidad y Semana Santa','http://cantatedomino.eresmas.com/','fruiz@jet.es   fruiz@jet.es , cantatedomino@eresmas.com','Francisco Ruiz Montes',0,0,1,'2014-01-15 17:47:10',NULL,NULL),(141,81,'Coro Federico García Lorca',1,'Grupo con gran tradición en la ciudad, que ha ofrecido conciertos a lo largo y ancho del país, además de Francia y Portugal. Interesado en intercambios con otros coros, faceta en la que tenemos gran experiencia.;','','diazgr@supercable.es','Luis Miguel Díaz Ortiz (presidente).',0,0,1,'2014-01-15 17:47:11',NULL,NULL),(142,82,'Orfeon de la  Escuela Normal de Jalisco',1,'CORO AMATEUR DE ALUMNOS QUE INTEGRAN LA INSTITUCION','','nooz2@yahoo.com','Juan Antonio Orozco Hernández',0,0,1,'2014-01-15 17:47:11',NULL,NULL),(143,83,'Coro de la casa de la Cultura Benjamin CarriónI',1,'Dirigido por el Maestro Juan Carlos Urrutia Palacio, este Coro reúne un selecto grupo de jóvenes músicos, que dedican su tiempo a la difusión del arte coral en Guayaquil y en el Ecuador.','http://members.nbci.com/corojuvenil/casa.htm','corocasadelacultura@hotmail.com','JUAN CARLOS URRUTIA PALACIO',0,0,1,'2014-01-15 17:47:12',NULL,NULL),(144,84,'Agrupacion Coral Haedo',1,'La Agrupación Coral de Haedo formó desde 1996 una Asociación Civil sin fines de lucro para la difusión y enseñanza de la música, la cultura y el arte en general.','http://www.agrupacioncoraldehaedo.8m.com/','Asociacion@agrupacioncoraldehaedo.8m.com','Presidente del directorio',1,0,1,'2014-01-15 17:47:12',NULL,NULL),(145,85,'Coral Aires del Castro',1,'Se compones de 24 voces mixtas','http://personales.unican.es/bueltal/coral','valelabrador@terra.es','Valeriano Labrador Ruiz',0,1,1,'2014-01-15 17:47:13',NULL,NULL),(146,86,'Coro Infantil Teatro Lírico de Huelva',5,'Fue fundado en Febrero de 2000. Pertenece a la Asociacion Musical Teatro Lírico de Huelva. Sus componentes de edades comprendidas entre 8 y 12 años reciben una intensa formación musical. En cada temporada presentan dos programas de conciertos','http://www.teatroliricohuelva.es.fm','teatrolirico@terra.es','Fernando Vazquez',1,0,1,'2014-01-15 17:47:13',NULL,NULL),(147,87,'Coral femenina Schola Cantorum',8,'catalogado de exelente nivel por grandes maestros del pais, se caracteriza por su mistica y gran capacidad interpretativa y tecnica. ha participado en innumerables festivales coral donde a recibido exelentes criticas','','coralscholaiqq@hotmail.com','Raul Rodrigez Olcay',0,0,1,'2014-01-15 17:47:14',NULL,NULL),(148,88,'Orfeon Jacetano',1,'Fue fundado en 1962 por iniciativa de Tomás Asiaín Magaña, contando como base inicial con anteriores componentes de la desaparecida Coral del Carmen. Su estreno se produjo en el Cine Oroel de Jaca,','http://www1.gratisweb.com/orfeonjacetano','orfeonjacetano@latinmail.com','EDUARDO JAIME KARCHER BOYD',0,0,1,'2014-01-15 17:47:14',NULL,NULL),(149,89,'Al-Alba',1,'Coro romero de la provincia de Jaén','http://www.alalba.tk','walkitrapa@hotmail.com','Angel',0,0,1,'2014-01-15 17:47:15',NULL,NULL),(150,90,'CORAL \"INSPIRACION\"',1,'Coral Adventista, dedicado a predicar el evangelio eterno de Cristo mediante el canto, fundado el año de 1995','','coral_inspiracion@latinmail.com','Oscar Ticona',0,0,1,'2014-01-15 17:47:15',NULL,NULL),(151,91,'Agrupŕción Coral Renacer',1,'Ejecución de 4 a 6 voces-personas mayores de 55 años-Coro formado en el año 1998 para competir en los torneos \"abuelos bonaerenses\" habiendose clasificado con menciones de honor y el tercer puesto en el año 2000.Su Directora: María Delfina Rodríguez;','','freigosa@infovia.com.ar','María Delfina Rodríguez',0,0,1,'2014-01-15 17:47:16',NULL,NULL),(152,91,'Coro Polifónico Junín Rodolfo Alleva',1,'El Coro Polifónico Junín fue fundado el 15 de agosto de 1950 por el maestro Rodolfo Miguel Alleva (quien resultó su primer director y en cuyo homenaje lleva nu sombre actual) y el Prof. Hermando Francani.','http://www.coroallevajunin.com.ar','coropoli@infovia.com.ar','José Luis Cuellas',0,0,1,'2014-01-15 17:47:16',NULL,NULL),(153,91,'Coral Junin',1,'Coro Mixto de Canto Populat Argentino y Latinoamericano.-Interprete de la \"Misa Criolla\" junto a su creador Gerardo LOPEZ (ex-Los Fronterizos).-','http://www.cibergamo.com/coraljunin/','coraljunin@cibergamo.com  coraljunin@cibergamo.c','Sr. CHECCHI',0,0,1,'2014-01-15 17:47:17',NULL,NULL),(154,92,'Coro Universitario Aquilano',1,'Nato nel 1989 per iniziativa del suo Direttore artistico A. Hanzelewicz e di un gruppo di studenti universitari, riconosciuto legalmente nel 1992, il coro ha svolto la sua attivitŕ nell\'ambito dell\'Ateneo aquilano ed in vari concerti a Roma, Napoli..','http://www.univaq.it/citta/coroaq.htm','webmaster@cc.univaq.it','Andrzej HANZELEWICZ',0,0,1,'2014-01-15 17:47:17',NULL,NULL),(155,93,'Schola Cantorum \"VIRGEN DEL CARBAYU\"',1,'Fundación: Año 2000 en La Felguera.','http://www.schola.tk','apaneda@iespana.es','Andrés Pañeda Carbajal',1,0,1,'2014-01-15 17:47:18',NULL,NULL),(156,94,'Coro Polifónico de Tacoronte Monteverdi',1,'','','neftaliarvelo@hotmail.com','Aranza Arteaga',0,0,1,'2014-01-15 17:47:18',NULL,NULL),(157,95,'Coro de Cámara Musiké',2,'Fue creado en abril de 1996 bajo la dirección del maestro Andrés Bugallo. Nace con un grupo reducido. Su crecimiento es lento pero concreto y firme. Cuenta en la actualidad con treita y tres integrantes de Gonnet, City Bell y La Plata','http://www.musike.org.ar','bugalho@netverk.com.ar','Andrés Bugallo',0,0,1,'2014-01-15 17:47:19',NULL,NULL),(158,96,'SCHOLA CANTORUM VIRGEN DEL CARBAYU',1,'Nace esta entidad Coral como desarrollo de una de las actividades programadas en el seno de la Escuela de Música y Danza &#8220;;VIRGEN DEL CARBAYU&#8221;;, la cual imparte sus clases en varios centros instalados en Oviedo, Gijón, Laviana, Sotrondio y Langre;','http://www.schola.tk.','EFUEYO@telefonica.net','Joaquín María Sandúa Fernández',0,0,1,'2014-01-15 17:47:19',NULL,NULL),(159,97,'Coral de los Pueblos - Suteba',1,'Nuestro coro esta formado por diferentes voces y edades, con ganas de crecer dia a dia  brindando amor a quien nos escuche.','http://www.coraldelospueblos.4t.com','coraldelospueblos@hotmail.com','Sergio Serra',0,0,1,'2014-01-15 17:47:20',NULL,NULL),(160,98,'Coral \"CANTA LAREDO\"',1,'Nace como grupo en 1987 aunque de forma coral en 1993 con el Director Jesús Manuel Piedra Sánchez. Su reperttorio lo integra todos los modos de polifonía, desde el siglo XIII hasta la Contemporánea, con especial dedicación a Laredo y Cantabria.','http://www.laredomusica.com','cantalaredo@terra.es','Jesús Manuel Piedra Sánchez',0,0,1,'2014-01-15 17:47:20',NULL,NULL),(161,99,'Coro Schola Cantorum   Coro Schola Cantoru',1,'La Coral Schola Cantorum de la Universidad de Las Palmas de Gran Canaria fue fundada en el año 1984 por Juan José Falcón Sanabria como grupo integrante del Aula de Música en el seno de la antigua Universidad Politécnica de Canarias','http://www.ulpgc.es/asoc/schola','schola@infovia.ulpgc.es','Emilio Tabraue',1,0,1,'2014-01-15 17:47:21',NULL,NULL),(162,100,'Coros y Danzas \"Villa de Leganés\"',1,'Música tradicional del folklore extremeño, andaluz, castellano, canario acompañado por una rondalla.','http://www.iespana.es/villadeleganes','villadeleganes@iespana.es','Fco. Javier Hidalgo',1,0,1,'2014-01-15 17:47:21',NULL,NULL),(163,101,'San Marcos',1,'En el año 1984, un reducido grupo de padres de alumnos y profesores del Colegio   Sagrado Corazon de Jesus Sagrado Corazón de Jesús Sagrado Corazón de Jesús decide formar un coro con el unico objeto de amenizar las celebraciones del Colegio','http://users.servicios.retecal.es/lmendana/','lmendana@usuarios.retecal.es   lmendana@usuari','Luis Mendaña Balsa',1,0,1,'2014-01-15 17:47:22',NULL,NULL),(164,101,'Leongotico',1,'Coral de voces juvenil','http://www.leongotico.ht.st','leongotico@ht.st','J.Directiva',0,0,1,'2014-01-15 17:47:22',NULL,NULL),(166,102,'Trigal',2,'MUSICA PERUANA Y LATINOAMERICANA','','FTV2106@HOTMAIL.COM','FERNANDO TORRES VILLANUEVA',0,0,1,'2014-01-15 17:47:23',NULL,NULL),(167,102,'Magnificat',1,'Coro Profesional, dedicado a la atención de matrimonios, misas, bodas y eventos de toda índole','','coromagnificat@yahoo.com','ALVARO PONCE DE LEÓN BELTRÁN',0,0,1,'2014-01-15 17:47:23',NULL,NULL),(168,103,'Coral Andrés Segovia',1,'Fundado en 1984, ha actuado en gran parte de España y en Ciudades como Roma, París Viena, Palmela (Portugal). su objetivo fundamental es difundir la musica coral a todas las personas sin ningún tipo de discriminación.','http://usuarios.lycos.es/coanse','andressegovia@telepolis.com','Luis Molina',0,0,1,'2014-01-15 17:47:24',NULL,NULL),(169,103,'Coral Andrés Segovia',1,' Coral formada por unas 40 personas amantes de la música coral que sin animo de lucro llevamos la música a todas las personas sin ningún tipo de discriminación','http://club2.telepolis.com/andressegovia','andressegovia@telepolis.com','Luis Molina',0,0,1,'2014-01-15 17:47:25',NULL,NULL),(170,104,'Coro da Universidade Católica Portuguesa',1,'O Coro UCP - Universidade Católica Portuguesa (Lisboa), foi fundado em 1979, pelo entăo capelăo Pe. Joăo Seabra. Mais tarde viria a ser regido, durante 6 anos, pelo Maestro Domingues Duarte Lima.','http://;www.ucp.pt/coro','coro@reitoria.ucp.pt','Eduardo Novo (tel: 91 704 80 15)Ângela Catarino (tel: 96 254 72 99);',0,0,1,'2014-01-15 17:47:25',NULL,NULL),(171,104,'Coro da UTL',1,'Em 1980 nasce o coro da UTL. Os seus objectivos gerais săo satisfazer a procura sentida na Universidades em relaçăo a um agrupamento dessa natureza,','http://www.utl.pt/cultura/coro.htm','','webmaster@reitoria.utl.pt',0,0,1,'2014-01-15 17:47:26',NULL,NULL),(172,105,'Coro Ultra Vox',1,'Il Coro ULTRA VOX č nato a Loiano (Bologna) all\'inizio del 2000 dall\'incontro tra i coristi del Coro di Loiano e il Maestro Massimo Montanari.Siamo un gruppo vocale misto, composto da una trentina di elementi. Ci proponiamo come coro a cappella,','http://www2.iperbole.bologna.it/bologna/comloian/coro.htm','ary29@newmail.net','',1,0,1,'2014-01-15 17:47:26',NULL,NULL),(173,106,'Coral  Los Corrales de Buelna',1,'Formado por 56 voces, tres premios nacionales un 1ş y 2ş en San vicente de la barquera, y un 2ş en internacional de Torrevieja, y participacion en Ejea  de los Caballeros,conciertos por España , Francia e Italia;','','JOSELU27@terra.es  ,   mariaurreta@hotmail.com,','JOSE LUIS CH.',0,0,1,'2014-01-15 17:47:27',NULL,NULL),(174,107,'Coral San Jorge',1,'El Coral San Jorge es un grupo coral integrado por padres, ex-alumnos y amigos del Colegio San Jorge Norte. Los ensayos se llevan a cabo todos los miércoles a partir de las 20:30hs. en el pabellón de musica;','http://www.coralsanjorge.20m.com/','coralsanjorge@yahoo.com','Susan Perkins (e-mail)  Susan Perkins (e-mail) Susan Perkins',1,0,1,'2014-01-15 17:47:27',NULL,NULL),(175,108,'Coretfal - Coral do Cefet-AL',1,'Coro Cęnico, Musica popular Brasileira e,Folclore e Pop','','coretfal@ig.com.br','Maria de Fátima Menezes / Paulo Fernando Vilela',0,0,1,'2014-01-15 17:47:28',NULL,NULL),(176,109,'Coro Polifonico Nuestra Sra. de los  Apostoles',1,'El Coro Polifónico Ntra. Sra. de los Apóstoles, nació en el año 1985 a raíz de la preparación de la visita a nuestra Parroquia del entonces Cardenal Arzobispo de Madrid, Rvdmo. Sr. D. Ángel Suquía Goicoechea','http://usuarios.lycos.es/coroapostoles/index.html','coroapostoles@lycos.es','CARLOS PASCUAL SANCHEZ',1,0,1,'2014-01-15 17:47:28',NULL,NULL),(177,109,'Coro Nacional de España',1,'Fundado por Lola Rodríguez de Aragón como Coro de la Escuela Superior de Canto, tuvo su primera actuación el 22 de octubre de 1971, interpretando junto a la Orquesta Nacional de España dirigida por Rafael Frühbeck de Burgos','http://orquestanacional.mcu.es/','ocne@inaem.mcu.es','Rainer Steubing-Negenborn',0,0,1,'2014-01-15 17:47:29',NULL,NULL),(178,109,'Coral Ernesto Lecuona',2,'La Coral Ernesto Lecuona se funda el 15 de enero de 1.999 por un grupo de aficionados a la música, teniendo como objetivo, cultivar y fomentar la difusión de la polifonía en todas sus manifestaciones;','http://www.e-lecuona.com','laempresa@wanadoo.es','diseñador',0,0,1,'2014-01-15 17:47:29',NULL,NULL),(179,109,'AB Magnificat',2,'Coro de Cámara profesional para Bodas, Funerales, Conciertos...formado por Cantantes de Ópera profesionales (Teatro Real, Liceu...) con órgano, ...POR TODA ESPAŃA','http://www.musicaenbodas.com','magnificat@musicaenbodas.com','Miguel Fernández de Santos',1,0,1,'2014-01-15 17:47:30',NULL,NULL),(180,109,'Coro de la Universidad Carlos III de Madrid',1,'La Asociación Coro de la Universidad Carlos III de Madrid se constituye en mayo de 1993 y tiene como finalidad la difusión de la música coral. La componen estudiantes, profesores y residentes de la zona sur de la comunidad de Madrid','http://www.uc3m.es/uc3m/gral/IA/ASOC/CORO/coro/indicese.htm','coro@alumnos.uc3m.es','Ernesto Jorge Martín Díaz',0,0,1,'2014-01-15 17:47:30',NULL,NULL),(181,109,'Coro de la Universidad Politécnica de Madrid',1,'Tras más de dieciocho años de constantes actuaciones, el Coro de la Universidad Politécnica de Madrid, ha dejado huella clara y precisa de su trabajo en el panorama musical actual.','http://www.upm.es/informacion/coro/htdocs/coro.html','gcoro@fgupm.upm.es','Javier Roiz Pazos',0,0,1,'2014-01-15 17:47:31',NULL,NULL),(182,110,'Agrupacion Coral del Valle',1,'Este coro depende de la Municipalidad de Maipu, Mendoza. Interpreta repertorio de ritmos populares latinoamericanos, fundamentalmente argentinos. Actualmente está encarando un proyecto que consiste en la interpretacion de la obra del grupo QUEEN','','hoferml@arnet.com.ar','Marcelo Sanchez',0,0,1,'2014-01-15 17:47:31',NULL,NULL),(183,111,'Coro de Cámara Antiqua Nove',2,'El Coro Antiqua Nove se formó en enero del año 1999. Un año más tarde se constituye en Asociación Cultural. Está formado mayoritariamente por alumnos del Conservatorio Superior de Música de Málaga, Conservatorio Profesional Manuel Carra de Málaga,','http://antiquanove.freeservers.com/','coro@antiquanove.freeservers.com','Diego González',1,0,1,'2014-01-15 17:47:32',NULL,NULL),(184,111,'Orfeón Universitario de Málaga',1,'Coro oficial de la Universidad de Málaga. Está formada por estudiantes, diplomados  y profesores.','http://www.orfeonmalaga.org','orfeonmalaga@hotmail.com','Daniel Rodríguez Vega',1,1,1,'2014-01-15 17:47:32',NULL,NULL),(185,111,'Coro de Cámara Polymia',2,'El Coro de Cámara Polymnia se fundó en octubre de 1992 e hizo su presentación el día 3 de diciembre de 1993. Se dedica a trabajar e interpretar la música española y europea de los siglos XV y XVI fundamentalmente,','http://club.telepolis.com/coropolymnia/','coropolymnia@telepolis.com','Rosario Hidalgo López',0,0,1,'2014-01-15 17:47:33',NULL,NULL),(186,112,'Ensamble Vocal Femenino Trocatinte',8,'coro con nueve integrantes mujeres,3 sopranos,3 mezzosopranos y 3 contraltos,repertorio  a capella y con acompañamiento de musica colombiana y musica popular','','trocatinte@hotmail.com','Juliana Diaz Ospina',0,0,1,'2014-01-15 17:47:33',NULL,NULL),(187,113,'Coral Pueblares del Club Quilmes',2,'En la búsqueda de un nuevo sonido. Voces a capella y con acompañamiento instrumental. Repertorio heterogéneo.','','figueroa@copetel.com.ar','Luis Alberto Figueroa',0,0,1,'2014-01-15 17:47:34',NULL,NULL),(188,113,'Coro Polifónico Alas Argentinas',1,'Es el deseo de los Integrantes y del Director difundir la expresión musical coral y realzar el espíritu humano y la camaradería quedando a entera disposición de la comunidad y de otras Fuerzas para todo evento benéfico, solidario o patrio que así lo requie','http://www.coroalasargentinas.com.ar','director@coroalasargentinas.com.ar','José Ángel Paz',0,0,1,'2014-01-15 17:47:34',NULL,NULL),(189,113,'Coro Voces de Primavera',4,'Coro de niños de la Escuela de Canto Coral creado en 1988 para que los mas chiquitos disfruten de el canto. Te esperamos en Catamarca 1065 los días Sabado de 16 a 16.30hs para compartir un ensayo con nosotros y conocer como funciona un coro','http://www.iespana.es/eccomdp/historianinos.html','eccomdp@yahoo.com.ar','Crisanto Cuerdo',1,0,1,'2014-01-15 17:47:35',NULL,NULL),(190,113,'Vox Ensamble',2,'En abril de 1999, en la ciudad de Mar del Plata, nace Vox Ensamble. Dedicado a interpretar diversos géneros musicales, sus integrantes presentan dilatadas trayectorias que incluyen estudios individuales de música y canto','http://voxensamble.listen.to','voxensamble@yahoo.com','Marcelo Sanjurjo',1,0,1,'2014-01-15 17:47:35',NULL,NULL),(191,113,'Coral Carmina',1,'Denominado desde 1996 como ŽCoral CarminaŽ por votación de sus integrantes, y pasando a depender del Ente Municipal de Cultura, ha efectuado desde sus inicios cerca de 40 presentaciones , en su mayoría junto a la Orquesta Sinfónica Municipal','http://www.angelfire.com/ab/carminamdp/','carminamdp@angelfire.com','Horacio Lanci',0,0,1,'2014-01-15 17:47:36',NULL,NULL),(192,113,'Escuela de Canto Coral',1,'Coro decano de  Mar del Plata y su zona formado por tres coros y capacitación para ingresantes con  sede propia, aulas y salas de ensayo con apoyo informatico ó electrónico','http://www.iespana.es/eccomdp','eccomdp@yahoo.com.ar','Alberto',1,0,1,'2014-01-15 17:47:36',NULL,NULL),(193,113,'Grupo Vocal Arsis Nova',2,'Octeto Mixto','','gravespoli@copetel.com.ar','Graciela Beatriz Véspoli',0,0,1,'2014-01-15 17:47:37',NULL,NULL),(194,113,'Cantoria Laudis',1,'Inicia su actividad en 1971, fundada por el maestro Horacio Lanci con el nombre de Coro Laudis.Realiza dos giras por Brasil, brindando numerosos conciertos, con muy buena crítica, Se presenta en importantes salas de Buenos Aires y del interior del','http://www.angelfire.com/ab/laudismdp/','','Horacio Lanci',0,0,1,'2014-01-15 17:47:37',NULL,NULL),(196,113,'Coro Marista de Mar del Plata',1,'Padres, madres y amigos del colegio','','jhg1938rf@yahoo.com.ar','Jorge González',0,0,1,'2014-01-15 17:47:38',NULL,NULL),(197,113,'Camara 55',1,'CAMARA 55 es un Coro de  Cámara, formado por padres, docentes y amigos de la Escuela Nş55 de la ciudad de Mar del Plata , Pcia de Bs.As., República Argentina. Fue creado el 6 de setiembre de 1987','http://www.angelfire.com/ar2/camara55/','madernadebenedetto@speedy.com.ar','JOSE ADOLFO BENEDETTO',0,0,1,'2014-01-15 17:47:38',NULL,NULL),(198,113,'Coral Don Bosco',1,'Repertorio Clasico,Tango, Folclore, Negro Espirituals, Motete, Villancicos, Etc.','http://www.coraldonbosco.cjb.net','corodonbosco@yahoo.com.ar','Claudio Ulises Samudio',0,0,1,'2014-01-15 17:47:39',NULL,NULL),(199,113,'Teatro Lirico Marplatense',1,'Asociación, agrupación y finalmente denominado Teatro Lírico Marplatense;; constituído en el año 1964, cuyo director artístico desde esa fecha sigue siendo el Sr. Arturo Vega Godoy, y cuya finalidad fue y es dar cabida a cuantos tengan inquietudes lir;','http://www.angelfire.com/ar/zarmdp/','','Arturo Vega Godoy',0,0,1,'2014-01-15 17:47:39',NULL,NULL),(200,114,'Gala Lírica',1,'Nuestro coro está conformado por     integrante, en los que se encuentran cuatro tenores, ocho sopranos, seis contraltos y cuatro bajos, ante todo somos un grupo de amigos que buscamos rescatar la música coral colombiana.','','dianag82@hotmail.com','Diana María Galarza Correa',0,0,1,'2014-01-15 17:47:40',NULL,NULL),(201,115,'Cantiamo!',2,'9 coralistas y la directora. 2 tenores, 3 barítonos, 2 sopranos y dos mezzosopranos','','cantiamo@correoweb.com','Mtra. Lucía de Lourdes García Salinas (Directora del coro)',0,0,1,'2014-01-15 17:47:40',NULL,NULL),(202,115,'LUX ET ORIGO',6,'A partir de diciembre de 1993, comenzó a formarse este grupo, con la finalidad principal de rescatar, promover y difundir el canto gregoriano en México, así como las diferentes formas musicales posteriores a éste como lo es la polifonía.','http://luxetorigo.homestead.com/','luxetorigo@mexico.com','Jesus Cruz',1,0,1,'2014-01-15 17:47:41',NULL,NULL),(203,116,'Coro del Colegio San Jose HH MM',4,'Este coro funciona como taller motivador de experiencias musicales. Participan niños de egb 2 (de 9 a 11 años). Son alumnos del Colegio San José de los Hermanos Maristas, de la ciudad de Mendoza.','','hoferml@arnet.com.ar','Monica Hofer',0,0,1,'2014-01-15 17:47:41',NULL,NULL),(204,116,'Coro de la Ciudad de Mendoza',1,'El Coro de la Ciudad de Mendoza dependiente de la Dirección de Cultura de la Municipalidad de Mendoza, comienza sus actividades en el año 1983 bajo la conducción de su actual director Prof. Ricardo Portillo','http://www.arrobaplus.com/coromendoza','coromendoza@arrobaplus.com','Ricardo Portillo',0,0,1,'2014-01-15 17:47:42',NULL,NULL),(205,117,'Vocal Mercedes',7,'Coro de cámara masculino amateur, integrado por trece hombres, que interpreta obras desde polifonía antigua (madrigales) hasta obras populares rioplatenses con arreglos de su Director','http://www.iespana.es/vocalmercedes','vocalmercedes@adinet.com.uy','JULIO DE BIASE-Director   RICARDO MEZQUIDA-RR.PP.',0,0,1,'2014-01-15 17:47:42',NULL,NULL),(206,118,'Niños Cantores del Instituto Shiller',4,'coro de niños','','zitro_ortiz@hotmial.com','Patricia Ortiz Castro',0,0,1,'2014-01-15 17:47:43',NULL,NULL),(207,119,'Schola Gregoriana Mediolanensis',6,'Il coro č formato da cantori provenienti da diverse parti della cittŕ di Milano e dalla provincia. Č\' attivo dal 1980 con un servizio liturgico nella Basilica di S. Marco - Milano - Italia -ogni terza Domenica  del mese alle ore 18.15 Ogni secoda Do','http://www.xfiles.it/cantogregoriano/',';vianini@mail.virtuale.it ; ambrosiano@infinito.it;','Giovanni Vianini',0,0,1,'2014-01-15 17:47:43',NULL,NULL),(208,119,'Piccolo Coro Santa Maria Ausiliatrice di Milano',4,'Il Piccolo Coro č disponibile ad intervenire a feste, ricorrenze, occasioni speciali, ecc. portando una nota di allegria. Abbiamo giŕ tenuto numerosi concerti in tutta la Lombardia','http://web.tiscalinet.it/piccolocoro','piccolo.coro@tiscalinet.it','Alex Braga',0,1,1,'2014-01-15 17:47:44',NULL,NULL),(209,120,'Grupo Coral de Mira',1,'Estas páginas săo a nossa maneira de conviver com todos no mundo virtual. Aqui encontrará informaçőes sobre o Grupo Coral de Mira que foi formado em 1978.Por favor selecione a bandeira Portuguesa para entrar no nosso mundo virtual.','http://www.terravista.pt/nazare/4101/','grupo_coral@hotmail.com','',0,0,1,'2014-01-15 17:47:44',NULL,NULL),(210,121,'Tresalumpe',2,'El 30 de Agosto del año 2000 fue el día elegido para iniciar este proyecto. La única meta clara era poder lograr el equilibrio armónico de nuestras voces, jugar con ellas  explorar los diversos caminos musicales y desarrollar nuestra capacidad  par;','http://www.tresalunpue.8m.com/invitado.htm','contactos@tresalunpue.8m.com','',0,0,1,'2014-01-15 17:47:45',NULL,NULL),(211,122,'Coro Crecer',1,'Coro integrado por adultos y jóvenes con instrumentos de percusión, hacemos música popular latinoamericana ,folklore argentino, negro spirituals  y ritmos que contagien ganas de moverse del asiento','http://www.corocrecer.com.ar','coro_crecer@tutopia.com','Directora Alejandra Fernández',0,0,1,'2014-01-15 17:47:45',NULL,NULL),(212,123,'Coro A.N.A. Montecavallo',7,'Costituito nel febbraio del 1988, il Coro Montecavallo č un complesso formato da una trentina di voci virili di Alpini giovani e meno giovani ed č nato nello spirito dello Statuto dell\'A.N.A.','http://www.naonis.com/ana/','apisano@mem.it','Nino Cisilino',1,0,1,'2014-01-15 17:47:46',NULL,NULL),(213,124,'Camino al Cielo',1,'coro juvenil encaminado a la alabanza y la oración por medio del canto en la Parroquia la Ascensión del Señor','http://mx.geocities.com/camino_cielo','camino_cielo@hotmail.com','Paulo E. Arce contreras',0,0,1,'2014-01-15 17:47:46',NULL,NULL),(214,125,'Montevideo al Norte',1,'Coro de voces mixtas','http://www.montevideoalnorte.uy.tc','eduardobriganti@hotmail.com','Eduardo Briganti',0,0,1,'2014-01-15 17:47:47',NULL,NULL),(215,126,'Coro del Instituto San José - Hermanos Maristas',1,'Es un Coro de Padres de alumnos, exalumnos y amigos del Instituto San José, creado en 1991, compuesto por un promedio de treinta coreutas. Participa de numerosos encuentros en distintos puntos del país.','http://www.corosanjosemoron.com.ar','intani@uolsinectis.com.ar','Director Diego Larraggione',0,0,1,'2014-01-15 17:47:47',NULL,NULL),(216,127,'Coral Armiz',1,'Grupo Coral que domina el canto a Capella','http://www.coralarmiz.com','coralarmiz@coralarmiz.com','Francisco Robles',0,0,1,'2014-01-15 17:47:48',NULL,NULL),(217,128,'Ars Mvsica',1,'Ars Mvsica es un coro de cámara dedicado a la Mvsica Antigua. Tenemos nuestra sede en Murcia (España) y en esta página tratamos de informar al mundo de nuestras actividades','http://arsmvsica.iespana.es','arsmvsica@bigfoot.com','Emilio Cano Molina',1,1,1,'2014-01-15 17:47:48',NULL,NULL),(218,129,'Coral Valle de Aranguren',1,'Coro mixto compuesto por 37 coralistas. Su repertorio comprende obras clásicas, folklóricas y religiosas','http://usuarios.lycos.es/coralaranguren','coralaranguren@lycos.es','Esteban Zamarguilea - Presidente de la Coral',0,0,1,'2014-01-15 17:47:49',NULL,NULL),(219,130,'Coro Polifonico Universitario',1,'Nato nel 1992, č composto da circa sessanta elementi (studenti, professori e personale non docente dell\'Universitŕ). Dal 1993 ha tenuto numerosi concerti di musica sacra e profana;; ha cantato con l\'orchestra \"Nuova Scarlatti\"','http://www.cpu.unina.it/','geluongo@unina.it','GENNARO LUONGO',1,0,1,'2014-01-15 17:47:49',NULL,NULL),(220,131,'Coro Alta Mira',1,'Fue creado en 1992 como una manera de integrar a padres, familiares y amigos de la Escuela Argentino-Danesa Alta Mira a la actividad coral.  Desde principios de 1998 es su director el profesor Roberto Goldar','http://www.coroaltamira.com.ar','info@coroaltamira.com','Roberto Goldar',1,1,1,'2014-01-15 17:47:50',NULL,NULL),(221,132,'Coro de la Iglesia',1,'El Coro de la Iglesia se presenta cada domingo, y en las fechas especiales de nuestro calendario anual. También para ocasiones especiales tenemos la participación del Coro de Jóvenes y del Coro de Niños.','http://hillnet.home.mindspring.com/pibhnb/ministerios/musica/coro_iglesia.html','pibnb@email.com','Luciano Márquez',0,0,1,'2014-01-15 17:47:50',NULL,NULL),(222,133,'Coro Cęnico',1,'O Coro Cęnico da Sociedade Ginástica foi criado em 1993, visando integrar e promover atividades culturais dentro e fora da Sociedade Ginástica. Sua primeira proposta foi a montagcm do musical \"BEM BRASIL\" Cenas Explícitas de Música Brasileira','http://corocenico.cjb.net/','coroginastica@nh.conex.com.br','Márcio Staudt',0,0,1,'2014-01-15 17:47:51',NULL,NULL),(223,134,'Alma Nova',1,'Coro Mixto','','','Raul Penha e Pedro',0,0,1,'2014-01-15 17:47:51',NULL,NULL),(224,135,'CORO COMUNITARIO DE OCAŃA',1,'CORO CUYOS MIEMBROS SON CIUDADANOS DE LA CIUDAD QUE AMAN CANTAR','','FONFEITI@HOTMAIL.COM','JUAN CARLOS VERJEL MOGOLLON',0,0,1,'2014-01-15 17:47:52',NULL,NULL),(225,136,'Grupo Coral Sonamos',2,'coro de doce cantantes dedicados a la interpretación de música popular argentina, latinoamericana y de raíz afro. Organiza anualmente un ciclo de conciertos corales con cuatro encuentros en el año. Este año, la 4° edición.','','chcorrea@vaf.com.ar','Eduardo Correa',0,0,1,'2014-01-15 17:47:52',NULL,NULL),(226,137,'Coro da Universidade de Yôga',1,'Coro especializado em mantras.Este projecto visa preencher uma lacuna existente na Europra com relaçăo ŕ difusăo dos mantras, as respeitadas músicas, ou cânticos, da cultura hindu. Mantra é vocalizăo de sons e ultra-sons, săo formulas sonoras','http://www.uni-yoga.org.br','luislopes@uni-yoga.org.br','Prof. Luís Lopes',1,0,1,'2014-01-15 17:47:53',NULL,NULL),(227,138,'Coro Lorenzo Perosi',1,'Il coro ha  in  repertorio brani di musica sacra (tra cui la \"Missa Pontificalis\" a tre voci di Lorenzo Perosi), mottetti  e lieder  del periodo classico-romantico e brani di musica operistica  di  autori vari quali Verdi, Rossini, Donizetti.','http://utenti.tripod.it/coro_perosi/indice.htm','coro_perosi@yahoo.it','Guido Miano',0,0,1,'2014-01-15 17:47:54',NULL,NULL),(228,139,'AURIA CANTA',1,'38 voces, todo tipo de música','','intribu@wanadoo.es','Carmen',0,0,1,'2014-01-15 17:47:54',NULL,NULL),(229,140,'Joven Coro de la Fundación Príncipe de Asturias',1,'Coro joven perteneciente al área musical de la Fundación Príncipe de Asturias','http://elotrocoro.galeon.com','elotrocoro@altern.org','manu',0,0,1,'2014-01-15 17:47:55',NULL,NULL),(230,140,'Escolanía San Salvador - Catedral de Oviedo',1,'Web oficial de la Escolanía San Salvador, coro oficial de la Catedral de Oviedo','http://www.escolaniasansalvador.com','nacho@escolaniasansalvador.com','Nacho',0,0,1,'2014-01-15 17:47:55',NULL,NULL),(231,140,'Coro Dominicas de Oviedo',4,'Coro de voces blancas','http://www.corodominicas.com','corodominicas@corodominicas.com','Angel Gallego Bahillo. Director',0,0,1,'2014-01-15 17:47:56',NULL,NULL),(232,140,'Escolanía San Salvador - Catedral de Oviedo',1,'La Escolanía San Salvador es el coro oficial de la S.I. Catedral B.M. de Oviedo','http://www.escolaniasansalvador.es.kz','jirico@telecable.es','Nacho Rico',1,0,1,'2014-01-15 17:47:56',NULL,NULL),(233,141,'Coro dell\'Accademia Heitor Villa Lobos',1,'Il Coro dell\'Accademia Heitor Villa Lobos di Paderno Dugnano (Mi) si e\' costituito nell\'ambito dell\'attivita\' di formazione dell\'omonima Accademia di Paderno Dugnano nel 1989. E\' un coro non professionista a partecipazione gratuita___________________','http://members.tripod.it/coro_villalobos','silvio@telebot.com','Giuseppe Guglielminotti Valetta',0,0,1,'2014-01-15 17:47:57',NULL,NULL),(234,142,'Coral Infantil del Colegio La Purísima',4,'Formación compuesta por una treintena de voces blancas perteneciente al colegio \"La Purísima\" de Palma de Mallorca.','http://perso.wanadoo.es/corlapurisima','coraldelapurísima@hotmail.com','Francisco Javier Ramonell González',0,0,1,'2014-01-15 17:47:57',NULL,NULL),(235,143,'Coral Universitaria Unipamplona \"Ocán Arachí\"',1,'Integrado por Jóvenes Estudiantes y Profesionales','http://www.unipamplona.edu.co','ecardu@hotmail.com','Edwin Carrillo Duarte',0,0,1,'2014-01-15 17:47:58',NULL,NULL),(236,144,'Coro Polifónico de Panamá',1,'Fue fundado el 30 de abril de 1966, en la ciudad de Panamá, por el Prof. Arnold Walters, el cual desde sus inicios tuvo la misión de didicarse exclusivamente a la ejecución del arte polifónico coral','http://www.geocities.com/Vienna/Choir/9137/','coropolf@yahoo.com','Electra Castillo',1,1,1,'2014-01-15 17:47:58',NULL,NULL),(237,145,'Coro independiente Clavecantar',1,'Coro amateur, de voces mixtas. Repertorio variado .','http://www.iespana.es/clavecantar','anager@adinet.com.uy','Analía Gerfauo Baccaro - Directora',0,0,1,'2014-01-15 17:47:59',NULL,NULL),(238,146,'Coro de Martindale',1,'Coro de Adultos del Martindale Country Club','','jirigoin@iae.edu.ar','Marilú Santa Coloma',0,0,1,'2014-01-15 17:47:59',NULL,NULL),(239,147,'Coro de Pinamar',1,'El Coro de Pinamar fue creado el primero de agosto del año 1980, bajo la dirección del Prof. Rolando Depiaggi. Su presentación oficial fue en Pinamar el 8 de diciembre de 1980 en la Parroquia Nuestra Señora de la Paz.','http://www.pinamarte.com.ar/corodepinamar','coros@pinamarte.com.ar','Javier Dameson',1,0,1,'2014-01-15 17:48:00',NULL,NULL),(240,147,'Cantoría Infanto Juvenil de Pinamar',4,'1ş Ensayo Martes 4 de Abril de 2000 en el Teatro de la Torre','http://www.pinamarte.com.ar/cantoria','coros@pinamarte.com.ar','Javier Dameson',1,0,1,'2014-01-15 17:48:00',NULL,NULL),(241,148,'Coral Polifónica Flores del Sil',1,'El extenso repertorio musical que incluye obras de todos los estilos - Renacimiento, clásico, religioso, villancicos navideños, folckore popular del mundo- incluyendo al de nuestro Bierzo-, lo exibe en sus numerosas actuaciones dentro y fuera de la geograf','http://corofloresdelsil.en.eresmas.com','coralfloresdelsil@hotmail.com','Amador Pinos Cabero',0,0,1,'2014-01-15 17:48:01',NULL,NULL),(242,149,'Coro Ultreia',6,'Formado por hombres y acompañado en algunas obras por un pequeño coro femenino. Canto gregoriano y polifonía medieval. Se acompaña también de instrumentos antiguos. 18 componentes.','http://www.coroultreia.com','coroultreia@mundo-r.com','Enrique Lareo',0,0,1,'2014-01-15 17:48:01',NULL,NULL),(243,150,'Coro Universitario D\'Canto',1,'Buscamos el enriquecimiento y fortalecimiento de la  formación integral del estudiante universitario y contribuir a proyectar la música y el canto de nuestro pais.','','marino14@hotmail.com','Angel Marino Ramírez V.',0,0,1,'2014-01-15 17:48:02',NULL,NULL),(244,151,'Grupo Vocal Cores Vocais',1,'Grupo Vocal Cores Vocais é um grupo de Canto Coral formado por várias pessoas, das mais diversas profissőes, que tęm em comum o prazer de se fazer ouvir interpretando os mais diversos estilos musicais através do Canto Coral.','http://pagina.de/coresvocais','coresvocais@pagina.de','Joăo Fernando Azambuja de Araújo',0,0,1,'2014-01-15 17:48:02',NULL,NULL),(245,152,'Orfeón Jarrillero del Eali-Alai',7,'Somos un coro popular de voces graves abierto a todo el que quiera cantar con nosotros.Actualmente somos 35 que cantamos a cuatro voces en Euskera y Castellano obras populares incidiendo en habaneras y canción marinera','','fundacion@elai-alai.org','Angel Ugartemendia',0,0,1,'2014-01-15 17:48:03',NULL,NULL),(246,153,'Coro Pactis',8,'Fundado e, dirigido por Fátima Gonçalves, em 1991, intergra seis vozes femininas entre os 16 e 20 anos','http://www.terravista.pt/AguaAlto/1141','coro_pactis@yahoo.com','Filomena Gonçalves',1,0,1,'2014-01-15 17:48:03',NULL,NULL),(247,154,'Mar Blava',8,'Voces Femeninas','http://marblava.u2i.org','movirecord@tutopia.com','Pepe Luis',0,0,1,'2014-01-15 17:48:04',NULL,NULL),(248,155,'Coro Juvenil David Goldsmith',1,'Fundado en 1995, 50 voces mixtas, jóvenes, todo tipo de repertorio_______________________','http://www.reyesbartlet.com','mail@reyesbartlet.com','José Híjar Polo',1,0,1,'2014-01-15 17:48:04',NULL,NULL),(249,155,'Coral Reyes Bartlet',1,';Fundado en 1970, con 50 vedes mixtas, abarcando todo tipo de repertorio: capella, sinfónico-coral, etc;','http://www.reyesbartlet.com','mail@reyesbartlet.com','José Híjar Polo',1,0,1,'2014-01-15 17:48:05',NULL,NULL),(251,157,'Grupo Vocal La Paz',1,'El Grupo Vocal La Paz se formó en 1983 y desde su origen interpreta un variado repertorio de canciones con arreglos propios que incluyen temas de rock, pop, musicales, folklore y música de películas entre otros.','http://www.gvlp.com.ar','info@gvlp.com.ar','Hugo Violante (director)',1,0,1,'2014-01-15 17:48:05',NULL,NULL),(252,158,'Coral Ramos Mejia',1,'Fue creado en 1985 por su actual directora Norma  Miazza, y nuestro objetivo es llevar la cultura musical a distintas ciudades','http://coralramos.com.ar','coralramos@hotmail.com','Sergio',0,0,1,'2014-01-15 17:48:06',NULL,NULL),(253,158,'Coro de Niños y Jóvenes de Ramos Mejía',4,'El \"Coro de Niños y Jóvenes de Ramos Mejía\", (ex Coro de Niños Patricias Argentinas), fue creado en el año 1998 por su actual Director, Damián Alejandro Moragas. Está integrado por 30 chicos de entre 8 a 15 años de edad.','http://www.coroderamos.com.ar/','director@coro.com.ar','Damian Alejandro Moragas',1,1,1,'2014-01-15 17:48:06',NULL,NULL),(254,158,'Coro de Camara del Instituto French de Ramos Mejia',1,'El coro de Camara del instituto French es un coro integrado por alumnos y exalumnos de dicho instituto con presentaciones en diversos escenarios','http://www.geocities.com/CapitolHill/Senate/3463/coro.html','mvalva@cvtci.com.ar','Marcelo valva',0,0,1,'2014-01-15 17:48:07',NULL,NULL),(256,159,'Grupo Vocal del Instituto Da Vinci',1,'Octeto - 2 integrantes por cuerda','http://www.idavinci.com.ar','davinci@redlago.com.ar','Prof. Raquel Liendo',0,0,1,'2014-01-15 17:48:07',NULL,NULL),(257,160,'Coro Anzolim de la Tor',8,'Le origini del coro risalgono al 1978, quando un gruppo di giovani ragazze, animate da don Giorgio March, iniziarono ad avvicinarsi al canto corale attraverso un repertorio prettamente popolare.','http://www.mosaico.cx/coro','Coro_Anzolim@Geocities.com','Fiorenza Torboli',0,0,1,'2014-01-15 17:48:08',NULL,NULL),(258,161,'Agrupacion Coral Rojas',1,'El 24 de septiembre de 1959, un grupo de jóvenes se reunió bajo la dirección de Alberto Oscar Perassolo, con el propósito de constituir un grupo coral vocacional. Ocho meses después, el 20 de mayo de 1960','http://www.corosderojas.com.ar/','aperassolo@datasys.com.ar, agrimensordellasavia@da','Alberto Oscar Perassolo',1,0,1,'2014-01-15 17:48:08',NULL,NULL),(260,162,'Pagina del coro polifonico del Maestro Fabio Avoli',1,'fondata  in  Roma nel  1988  e diretta dal Maestro Fabio Avolio, č  composta da  piů  di 40 elementi  che amano eseguire la polifonia sacra degli autori che vanno dal Rinascimento al Barocco.','http://www.nethome.it/musica','fabio.avolio@libero.it','Federico Milani',0,0,1,'2014-01-15 17:48:09',NULL,NULL),(261,162,'Coro da Camera Italiano',1,'The Coro da Camera Italiano, based in Rome, Italy, has existed in its present form since 1992, before which it was the Coro da Camera of the Centro Italiano di Musica Antica (CIMA),','http://www.intr.net/bleissa/lists/cam_ital.html','MBFant@compuserve.com','Maureen Brown Fant, President',0,0,1,'2014-01-15 17:48:10',NULL,NULL),(262,162,'Gospel & Spiritual',1,'Siamo un gruppo gospel & spiritual nato a Roma nel febbraio del 1997, composto da 8 voci, 4 ragazze e 4 ragazzi. I nostri canti sono eseguiti per lo piů a cappella, cioč senza strumenti, anche se alcuni sono accompagnati dal nostro pianista.;','http://www.mediaspace.it/nowalls','nowalls@mediaspace.it',';(Roberta)(Fabian) C0 (Fabian);',0,0,1,'2014-01-15 17:48:10',NULL,NULL),(263,163,'Coro Municipal Cantarte',1,'Coro que aborda obras renacentistas, corales de Bach y otras obras barrocas, spirituals y música popular argentina y latinoamericana.','http://www.laguiaderoqueperez.com.ar/corocantarte','coro_municipal_cantarte@yahoo.com.ar','Juan Bernardo Latini',0,0,1,'2014-01-15 17:48:11',NULL,NULL),(264,164,'Coro Juvenil Marista Laudate',1,'En este sitio usted encontrará la historia del grupo (cómo fue evolucionando), el sentido y la importancia de la música religiosa y podrá acceder a un cancionero con un importante número de canciones, midis, mp3 y otros','http://www.angelfire.com/music/laudate/','cjmlaudate@xoommail.com','',0,0,1,'2014-01-15 17:48:11',NULL,NULL),(265,165,'Coro Polifonico Di Ruda',7,'Il lavoro di perfezionamento sempre voluto dai direttori che via via si sono alternati alla guida artistica del coro, ha ben presto portato la notorietŕ del gruppo oltre i confini regionali e nazionali.','http://www.coropolifonicoruda.it/','coro@coropolifonicoruda.it.','Tullio Pinat',1,0,1,'2014-01-15 17:48:12',NULL,NULL),(266,166,'Coro Livenza',7,'Ho unito alcune voci tanti cuori che cantano, mille gocce di fresca rugiadabagnano i tanti che l\'ascoltano. E\' faticoso? forse... mač meraviglioso','http://members.tripod.it/corolivenza','corolivenza@libero.it','Favaro Gianantonio',0,0,1,'2014-01-15 17:48:12',NULL,NULL),(267,167,'Coro La Stigia',2,'Coro Especializado en Música Antigua (Medieval, renacimiento y Barroco), llevando a cabo proyectos musicológicos','http://corolastigia.galeon.com','corolastigia@mixmail.com','Antonio Santos',0,0,1,'2014-01-15 17:48:13',NULL,NULL),(268,168,'Coro de Niños y Jóvenes Ars Nova',4,'Es un coro de voces iguales y pertenece a la Asociación Coral Ars Nova. Está integrado por 35 niños y niñas de 8 a 21 años, que concurren a diferentes establecimientos educativos de Salta.','http://www.ish.com.ar/arsnova/','arsnova@salta-server.com.ar','Ana Beatríz Fernández de Briones',0,0,1,'2014-01-15 17:48:14',NULL,NULL),(269,168,'Estudio Coral Arsis',1,'La Asociación Artística Arsis cuenta con un Centro Cultural ubicado en Adolfo Güemes Nş442, que posee un salón para 100 personas, escenario desmontable con patas y telón negro de fondo, equipo de luces. En dicho Centro ensayan y realizan funciones','http://comunidad.ciudad.com.ar/argentina/salta/arsis_asociacion/','asociacion@ciudad.com.ar','CLAUDIA MENDIA',0,0,1,'2014-01-15 17:48:14',NULL,NULL),(270,168,'Coro Polifónico de Salta',1,'El coro Polifonico de Salta, institucion vocacional desea estrechar la mano de todas las agrupaciones vocales que hicieron del canto orfeónico una manera de compartir la belleza es nuestro objetivo de compartir el intercambio de experiencias de vida','http://coropolifonicodesalta.turincon.com/','reynaga@salnet.com.ar','Julio César Reynaga',0,1,1,'2014-01-15 17:48:15',NULL,NULL),(271,169,'CORO POLIFONICO ROTARY CLUB SAN BERNARDO',1,'Coro de 30 voces con un amplio repertorio con 4 años de antiguedad','http://www.servicioweb.cl/coro','coro@servicioweb.cl','Mario Silva Gonzalez',0,0,1,'2014-01-15 17:48:15',NULL,NULL),(272,170,'Sociedad de Canto Harmonie',1,'Fundado el 10 de mayo de 1876 por inmigrantes suizo-alemanes, cumple 125 años de actividad ininterrumpida. Desarrolla variado repertorio. Distinguido con la Plaqueta \"Zelter\", otorgada por el Gobierno de Alemania a la actividad coral vocacional.','','scharmonie@hotmail.com','Profesor Daniel Yost',0,0,1,'2014-01-15 17:48:16',NULL,NULL),(273,171,'Camerata Lacunensis',2,'Orientada inicialmente a la interpretación de obras del Renacimiento y del Barroco, aunque actualmente incluya obras contemporaneas. La  Camerata Lacunensis es fundada coincidiendo con el 350 aniversario de la muerte de Claudio Monteverdi.','http://www.cameratalacunensis.com','camerata@lycos.es','Nelson Padilla Acosta',1,1,1,'2014-01-15 17:48:16',NULL,NULL),(274,171,'Unum Cor',1,'Se crea en el IES  Viera y Clavijo de La Laguna en el año 1.985. Desde entonces ha participado de forma ininterrumpida en los principales encuentros corales de la isla, y ha ofrecido conciertos que superan el centenar.','http://www.unumcor.com','unumcor@canariastelecom.com ; unumcor@hotmail.com','',0,0,1,'2014-01-15 17:48:17',NULL,NULL),(275,172,'Orfeon Yaracuy',1,'Maneja toda tipo de Musica Coral: Sacra, Negros Spirituals, de corte Nacional e Internacional;','','Orfeon_Yaracuy@yahoo.com','Prof. Pedro Parra',0,0,1,'2014-01-15 17:48:17',NULL,NULL),(276,172,'Orfeon Universitario I.U.T.Y.',1,'Coro de jovenes universitarios que maneja todo tipo de genero musical, que va desde musica sacra, hasta la contemporanea','','orfeon_iuty@hotmail.com  ; orfeoniuty@yahoo.com','Diva Alvarado /  Prof. Pedro Parra',0,0,1,'2014-01-15 17:48:18',NULL,NULL),(277,172,'Voces Juveniles de Yaracuy',1,'Coro de jovenes que maneja todo tipo de genero musical','','vocesjuveniles@cantv.com.ve','Prof. Pedro Parra',0,0,1,'2014-01-15 17:48:18',NULL,NULL),(278,172,'Pequeña Schola Voces de Yaracuy',4,'Coro de niños entre 6 a 11 años de edad que manejan todo tipo de genero musical, desde Musica Sacra hasta Contemporanea','','vocesjuveniles@cantv.com.ve','Marisol Garcia de Parra / Prof. Pedro Parra',0,0,1,'2014-01-15 17:48:19',NULL,NULL),(279,173,'Contrapunto',1,'Lo integran 22 personas. Repertorio popular. Tel: (011) 4-746-9441','','ale_camp_mus@yahoo.com.ar','Alejandro Campanelli',0,0,1,'2014-01-15 17:48:19',NULL,NULL),(280,174,'Coro Polifónico Universitario de la U.N.Ca',1,'Coro Universitario de aproximadamente 40 voces. Originado en la década del \'50 y con una interrupción de 9 años entre el 1989 y el 1998, donde reinicia su actividad de la mano del Mtro. Jorge G. Fontenla y a contunuación de la Prof. Achá Marta.','http://www.edu.ar/corounca.htm','corounaca@edu.ar','Marta Achá',0,0,1,'2014-01-15 17:48:20',NULL,NULL),(281,175,'Coro Polifonico de la Comuna de San Guillermo',1,'Coro Polifonico','','lm@sanguillermo.com.ar o koalasasho@hotmail.com.ar','LILIANA MONTENEGRO - DANIEL LEDESMA',0,0,1,'2014-01-15 17:48:20',NULL,NULL),(282,176,'Coro de la Catedral de San Isidro',1,'Este coro surge de la inquietud de un grupo de miembros de la parroquia, que alentados por el entonces vicario Rdo. P. Daniel Estivil, se reúnen a partir de 1987 para cantar villancicos en las Fiestas Navideñas','http://usuarios.arnet.com.ar/gafelice','gafelice@arnet.com.ar','Gustavo Felice',0,0,1,'2014-01-15 17:48:21',NULL,NULL),(283,177,'Coral Candilejas',1,'Este coro comenzó su actividad en febrero de 2002. Su repertorio es variado y está integrado por jóvenes y adultos.','http://www.iespana.es/Candilejas','candilejassanjose@ciudad.com.ar','Leonel Policastro',0,1,1,'2014-01-15 17:48:21',NULL,NULL),(284,178,'Cantando por la Paz',2,'Coro mixto a cuatro  voces','','Lkreysa@BancoBCR.com','Luis Fernando Kreysa O\'Connor',0,0,1,'2014-01-15 17:48:22',NULL,NULL),(285,179,'Coro esloveno de San Justo',1,'Andrés Selan supo encauzar la inquietud de un grupo de jóvenes que quería conservar y transmitir la cultura de sus antepasados, fundando el Coro Esloveno de San Justo en el año 1971','http://www.coroesloveno.com.ar/','coroesloveno@ciudad.com.ar','Andrea Selan Vombergar',0,0,1,'2014-01-15 17:48:22',NULL,NULL),(286,180,'Coral Somisa',1,'Coro de música popular','http://www.coralsomisa.netfirms.com','nico6_6@hotmail.com','Nicolás Barrio',1,0,1,'2014-01-15 17:48:23',NULL,NULL),(288,182,'Coro ESAO',7,'Nacido en la Ciudad de San Sebastián en 1940 como agrupación de voces graves con la clara misión de extender la música folklórica vasca, nos encontramos con un Coro Easo en pleno desarrollo que ha ampliado sus proyectos iniciales','http://www.coroeaso.com/',';coroeaso@coroeaso.com coroeaso@coroeaso.c;','Xalbador Rallo Sagarzazu',0,0,1,'2014-01-15 17:48:23',NULL,NULL),(289,183,'Kanta Cantemus Koroa',5,'Coro formado por veinte mujeres, entre las que cuentan  compositoras, instrumentistas, pofesoras de música, directoras... Fundado y dirigido por Javier Busto','http://www.audio.ya.com/kantacantemus','bustovega@bustovega.com','Javier Busto',0,0,1,'2014-01-15 17:48:24',NULL,NULL),(290,184,'Coral l\'Harmonia de Valldoreix',1,'Coro de voces mixtas de Valldoreix','http://www.sant-cugat.net/harmonia','harmonia@sant-cugat.net','Maria Fuster Foz',1,0,1,'2014-01-15 17:48:24',NULL,NULL),(291,185,'HOMINI CHORUM',2,'Coro de voces Masculinas de Santa Cruz de Tenerife','http://www.hominichorum.com','hominichorum@hotmail.com','Joseph Morinno',0,0,1,'2014-01-15 17:48:25',NULL,NULL),(292,186,'Agrupacion Coral Cantares',1,'La Agrupación Coral Cantares de la ciudad de Santa Fe fue fundada el 17 de enero de 1984. Sus objetivos son interpretar, fomentar y difundir la música popular latinoamericana por medio de un grupo coral - instrumental','http://cantares.tripod.com/index.htm','marianoferrando@hotmail.com','Mariano Ferrando.',1,0,1,'2014-01-15 17:48:26',NULL,NULL),(293,187,'Coral Giuseppe Verdi',1,'Coro misto fundado em 1985 por Cesare Barichello, repertorio italiano e internacional atualmente regido por Enira Trindade  pertence a Assossiaçăo Italiana de Santa Maria.','','Cesare@terra.com.br','Carlos Alessio Rossato',0,0,1,'2014-01-15 17:48:26',NULL,NULL),(294,187,'Coro Triveneto',7,'Coro italiano alpino','','cesare@terra.com.br','Cesare Barichello',0,0,1,'2014-01-15 17:48:27',NULL,NULL),(295,188,'Coro Municipal de Santa Rosa',1,'Agrupacion Coral vocacional que interpreta můsica Popular Argentina y Latinoamericana. Organiza cada dos años el ECOMUP - Encuentro Coral de Můsica Popular.;','http://www.coralpampa.com.ar','alcarpi@yahoo.com.ar','ALBERTO CARPIO',0,0,1,'2014-01-15 17:48:27',NULL,NULL),(296,188,'Coral Fundación',2,'Se inició en 1994 por acción de la Fundación del Colegio Médico de La Pampa.Actualmente es dirigido por el maestro Roberto Sessa y la preparadora vocal es Gladys Martino .Son doce integrantes.;','','','Roberto Sessa-Gladys Martino',0,0,1,'2014-01-15 17:48:28',NULL,NULL),(297,189,'Allegro Música Coral',2,'Especialista en Música Religiosa participa de celebraciones semanalmente. Por varios años Coro de la Catedral de Santiago y Coro de la Santa Misa de TVN. Lugar de ensayos Parroquia Santo Cura de Ars, Padres Dehonianos del Sagrado Corazón','','juancazd@latinmail.com ; mszavala@latinmail.com','Juan Carlos Zapata Donoso',0,0,1,'2014-01-15 17:48:28',NULL,NULL),(299,189,'INSUCO',7,'Jovenes Cantantes; Fono: 7735991','','korko_@mixmail.com','Profesor Santiagos',0,0,1,'2014-01-15 17:48:29',NULL,NULL),(300,189,'Coro del  Colegio de los Sagrados Corazones',4,'Coro de niños','','directorcoro@yahoo.com','SAMUEL  ELGUETA G.',0,0,1,'2014-01-15 17:48:29',NULL,NULL),(301,189,'Colegio de los Sagrados Corazones',4,'buen nivel','','directorcoro@yahoo.com','Samuel Elgueta G.',0,0,1,'2014-01-15 17:48:30',NULL,NULL),(302,190,'Coro Municipal  de voces Queretanas',1,'Con los apoyos del Lic. Francisco Garrido Patrón Presidente Municipal de Querétaro, y del Dr. Rolando García Ortíz en febrero de 1998 se formó el Coro Municipal Voces Queretanas','http://www.informa.com.mx/vocesqueretanas.htm','vasmig@prodigy.net.mx','Miglena Savova',0,0,1,'2014-01-15 17:48:30',NULL,NULL),(303,189,'Agrupación Vocal Surantigua',5,'La Agrupación Vocal SURANTIGUA nace en el año 1995 como una invitación realizada por el director Pablo Ulloa a los integrantes fundadores de esta agrupación.','http://hammer.prohosting.com/~surantig/','surantigua@fnmail.com','Pablo Ulloa Valencia',1,0,1,'2014-01-15 17:48:31',NULL,NULL),(304,189,'Coro Madrigalista de la UMCE',1,'Conjunto Coral de Cámara, integrado por jóvenes cantantes, alumnos y profesores de música, egresados de esta universidad. Dirigido desde su fundación (1992) por la maestra Ruth Godoy','http://www.umce.cl/extension/conjuntos/extension_coro.html','webumce@umce.cl','Ruth Godoy',0,0,1,'2014-01-15 17:48:31',NULL,NULL),(305,189,'Coro de INGENIERÍA',1,'A mediados del año 1991 el coro dependía de la DAEx y funcionaba como un Taller Coral en el Campus Oriente, dirigido por Gorgias Romero. En 1992 se trsladó a Casa Central, contaando con un número aproximado de 17 integrantes','http://www.ing.puc.cl/coro','ccoro@ing.puc.cl','Juan Carlos Torres',1,0,1,'2014-01-15 17:48:32',NULL,NULL),(306,191,'PORTUS VICTORIAE',1,'','http://www.terra.es/personal5/coral_portus/','CORAL_PORTUS@terra.es','D. José Manuel Sánchez Tirado',0,0,1,'2014-01-15 17:48:33',NULL,NULL),(307,192,'Coral Gregoriano de Santos',6,'O Coral Gregoriano, foi criado em 1.972, por um grupo de ex-alunos do Seminário Menor de Pirapóra, com o intuito de resgatar e divulgar o Canto Gregoriano, preservando assim, um patrimônio cultural de quase 2.000 anos','http://www.gregoriano.hpg.ig.com.br/index.html','gregoriano@ieg.com.br','',0,0,1,'2014-01-15 17:48:35',NULL,NULL),(308,193,'Coro \"La Baita\"',1,'Tutti coloro i quali oggi si trovano adornati di tempie imbiancate e lucide di calvizie ricorderanno certo la loro verde etŕ, ricca di speranze, di ansiose tensioni ed anche di assaporate gioie.','http://space.tin.it/musica/defontan/','defonta@tin.it','Fedele Fantuzzi',0,0,1,'2014-01-15 17:48:35',NULL,NULL),(309,194,'ORFEĂO DE SEIA',1,'','','OrfeaodeSeia@sapo.pt','Pedro Marques',0,0,1,'2014-01-15 17:48:36',NULL,NULL),(310,195,'Coro Le Chardon',7,'Le Chardon č un coro maschile formatosi nel 1983 grazie all\'amicizia e alla passione per il canto popolare, valori che accomunano da sempre i suoi componenti, attualmente in numero di 26. \"Le Chardon\" č il termine','http://digilander.iol.it/lechardon/index.htm','rkasta@tiscalinet.it','Roberto Castagna',0,0,1,'2014-01-15 17:48:36',NULL,NULL),(311,196,'Asociación Coro Manuel de Falla',1,'Pertenece al Conservatorio Superior de Música de Sevilla. Sus programas abarcan desde la edad media hasta la actualidad, sobre todo','http://www.iespana.es/coromanueldefalla','coromanueldefalla@iespana.es','Presidente: Antonio Rivera / Director: Ricardo Rodriguez;',0,0,1,'2014-01-15 17:48:37',NULL,NULL),(312,196,'Schola Cantorum \"In Coena Domini\"',6,'Historia de esta schola cantorum sevillana, componentes, repertorio, conciertos, articulos sobre canto gregoriano, audiciones MP3, comunicaciones, etc.','http://teleline.terra.es/personal/delfal/schola/home.htm','delfal@teleline.es','Juan F. Delgado Falcon',1,0,1,'2014-01-15 17:48:37',NULL,NULL),(313,196,'Asociación Coral Virgen de Montserrat',1,'Emblematico coro con variado y nutrido repertorio e historia','http://www.terra.es/personal4/ma1966/home.htm','coralmontserrat@terra.es','Antonio MŞ Caballero',0,0,1,'2014-01-15 17:48:38',NULL,NULL),(314,196,'Asociación Coral de Sevilla',1,'Fomación polifónica decana de la ciudad y una de las más representativas de la región andaluza.','http://www.asociacioncoral.galeon.com','acordes@hispavista.com','José González Caraballo',0,0,1,'2014-01-15 17:48:38',NULL,NULL),(315,197,'Coro Vico Alto di Siena',1,'Il CVA si č costituito nel 1976 per iniziativa del suo Direttore Pia Palmieri per lo studio e la pratica del canto polifonico. Dopo aver eseguito per alcuni anni detti repertori, il Complesso si č dedicato all\'Oratorio e al canto lirico','http://www.corovicoalto.it','corovicoalto@libero.it','Pia Palmieri',0,0,1,'2014-01-15 17:48:39',NULL,NULL),(316,198,'Coro Juvenil Raio de Sol',4,'Junta-te ao nosso coro juvenil e vais ver o quanto a música pode ser divertida! Estamos a desenvolver projectos inéditos, mas para isso precisamos de ti...Estamos a dar inicio ao coro, por isso precisamos do mais importante: de ti! Visita-nos!','http://cororaiodesol.no.sapo.pt','cororaiodesol@mail.pt','Jorge Afonso',0,0,1,'2014-01-15 17:48:39',NULL,NULL),(317,199,'Abadia de Solesmes',6,'Pagina de la Abadia de Solesmes con contenido sobre canto gregoriano','http://www.solesmes.com','paleo@solesmes.com','',1,1,1,'2014-01-15 17:48:40',NULL,NULL),(318,200,'Coro del Roseto',1,'Lo stemma del Coro del Roseto racchiude, in un semplice disegno, un profondo significato che cercheremo di illustrarvi brevemente. Tutto č incentrato sulla Chiesa raffigurata, il Santuario del Roseto situato sulla montagna che','http://www.corodelroseto.it/','choirarm@tin.it','Ugo Gregoretti',0,0,1,'2014-01-15 17:48:40',NULL,NULL),(319,201,'Coro Polifonico Euterpe',1,'Il Coro Polifonico \"EUTERPE\" che trae il nome dalla musa greca protettrice della musica, č stato fondato nel 1986 da un gruppo di amici uniti dalla passione per la musica sotto la direzione del M° Enzo Corň.','http://users.iol.it/the_furlans/page3.html','the_furlans@iol.it','Enzo Corň.',0,0,1,'2014-01-15 17:48:41',NULL,NULL),(320,202,'Coro Filarmónico Antonio José de Sucre',1,'El coro filarmonico Antonio José de Sucre se organiza y funda el dia 18 de marzo de 1996. Desde entonces, dirigid por su actual director, el Profesor Ibrahim J, Zurita M. La agrupacion ha logrado la consecución de sus metas a traves del autofinancia;','http://www.poz.unexpo.edu.ve/scajs/corofilarmonico/','corofilarmonico@latinmail.com','Ibrahim Zurita',0,0,1,'2014-01-15 17:48:41',NULL,NULL),(321,203,'Coro de voces blancas del Colegio Sagrado Corazón',4,'No tienen mucha experiencia y de momneto cantan a una sola voz,pero pretendo que pronto lo podamos a ser a dos y tres voces iguales.','','patdelsan@hotmail.com','Patricia Delgado Santana',0,0,1,'2014-01-15 17:48:42',NULL,NULL),(322,204,'Agrupación Mattinata (Coro Italiano)',10,'25 voces femeninas, 5 masculinas, repertorio folklórico argentino e italiano','',' surwal@hotmail.com','Walter Di Francesco',0,0,1,'2014-01-15 17:48:42',NULL,NULL),(323,204,'Surcanto',7,'Grupo vocal masculino, con interpretaciones a seis voces, música folklorica, tango. Trabajos con Ariel Ramírez, Domingo Cura, actuó en el ciclo \"Tiempo de Vocales\". Presenta periodicamente La Misa Criolla para Semana Santa en Tandil','','surcanto@yahoo.com.ar','Walter Di Francesco',0,0,1,'2014-01-15 17:48:43',NULL,NULL),(324,205,'Coro Polifonico de la Universidad de la Laguna',1,'Fundado en la Universidad de La Laguna en el Curso 1983/84 con cantores en su mayoría de alta experiencia coral. Participa en el V Encuentro de Polifonía Juvenil de Cuenca (1984)','http://www.unedtf.rcanaria.es/coro/coro1.htm','mendoza@unedtf.rcanaria.es','Alfonso López Raymond',0,0,1,'2014-01-15 17:48:43',NULL,NULL),(325,205,'Harmonía del Centro Icodense',1,'El Coro \"Harmonía del Centro Icodense\" se estrena el día 17 de Septiembre de 1988 como una actividad cultural de la sociedad \"Centro Icodense\".','http://personales.mundivia.es/jtoledo/harmonia/','coroharmonia@jazzfree.com','Sr. Juan Francisco',0,0,1,'2014-01-15 17:48:44',NULL,NULL),(326,206,'Coro de Cámara de Toluca',2,'Coro dedicado a la musica a Capella,tambien a la musica renacentista y canto bizantino','http://www.corocamaratoluca.netfirms.com','corocamtoluca@yahoo.com','Juan Carlos Mondragon Bastida',1,0,1,'2014-01-15 17:48:44',NULL,NULL),(327,206,'Octeto Vocal del Instituto Mexiquense de Cultura',2,'Coro de camara a capella con repertorio que abarca desde el renacimiento hasta contemporaneo','','octetoimc@hotmail.com','Alfredo López y/o Gabriela Córdoba',0,0,1,'2014-01-15 17:48:45',NULL,NULL),(328,207,'Coro San Marco',1,'Il Coro San Marco, fondato nel 1995, č composto di 50 coristi che condividono l\'amore per la musica di diversi tipi, dai canti di montagna e popolari alla musica classica. Nonostante la sua fondazione recente, il coro si č esibito in','http://www.cez.com/sanmarco.html','sanmarco@cez.com','Vincenzo di Vincenzo',0,0,1,'2014-01-15 17:48:45',NULL,NULL),(329,208,'Coro Maestro Casanovas',1,'Fue fundado en Noviembre de 1986 como Coro Infantil Mtro. Casanovas. Progresivamente adaptó su repertorio inicial de canciones infantiles a Habaneras y más tarde Polifonía de los Grandes Maestros.','http://www.ctv.es/USERS/maestrocasanovas','tvelectr@torrevieja.infoville.net','Manuel Martínez Guirao',0,0,1,'2014-01-15 17:48:46',NULL,NULL),(330,208,'Coral \"Francisco Vallejos\"',1,'Fundada en 1954, la Coral Francisco Vallejos de Torrevieja posee un extenso repertorio desde la tradicional \"habanera\" hasta polifonía religiosa y las más variadas interpretaciones internacionales.','http://www.coralfranciscovallejos.com','info@coralfranciscovallejos.com','Francisco Pizana Cutillas',1,0,1,'2014-01-15 17:48:46',NULL,NULL),(331,209,'Coro Pro-Música',1,'El coro Pro-música de Treinta y Tres es una agrupación independiente, integrada por cantantes aficionados, unidos por la vocación común hacia el canto co','http://www.geocities.com/Vienna/Strasse/7533/','ornajela@adinet.com.uy','Dirección del Mtro. Alejandro Guillermo',1,0,1,'2014-01-15 17:48:47',NULL,NULL),(332,210,'Coro di Usini',7,'Cosě come l\'armonizzazione musicale fonde le voci e i suoni e li trasforma in melodia, nello stesso modo il cantare a piu voci  fonde e riunifica esperienze diverse cosě come sono diverse le singole appartenenzele estrazioni sociali e le esperienze','http://web.tin.it/sol/corodiusini.htm','tedde.ss@coldiretti.it','Mario Tedde',0,0,1,'2014-01-15 17:48:48',NULL,NULL),(334,211,'Coro Veus al Mar',1,'Coro de Padres del Colegio Ntra. Sra. del Pilar, Valencia.','http://www.coroveusalmar.com/','webmaster@coroveusalmar.com','D. José Vicente Marco Giner',0,0,1,'2014-01-15 17:48:48',NULL,NULL),(335,212,'Coro de la Universidad de Valladolid',1,'Nace en el curso 1958-1959 de la fusión del Coro Femenino del Colegio Mayor María de Molina y del Masculino de Santa Cruz, a partir del año 1962 se le denominó Coro Universitario de Valladolid','http://www.gui.uva.es/~corouni','corouni@dali.eis.uva.es,javgar@dali.eis.uva.es','Balbi González Sáiz',0,0,1,'2014-01-15 17:48:49',NULL,NULL),(336,212,'Grupo de Coros y Danzas Pilarica',1,'El Grupo de Coros y Danzas Pilarica Asociación Folklórica, tiene una nutrida participación, más de 50 personas comprendidas entre el coro y el grupo de danzas, y al margen de esto, la escuela infantil, y la escuela de dulzaineros y Redoblantes.','http://www.geocities.com/gcdp_2000/','rhg@masistencia.es','Jose Maria Curiel - Rafael Higelmo',0,0,1,'2014-01-15 17:48:49',NULL,NULL),(337,213,'Niños Cantores de Valle de Chalco',4,'Este no es un coro común. Sus integrantes son niños y adolescentes que viven en una zona marginada colindante con la Ciudad de México. Actualmente éste coro es considerado el mejor coro infantil de México','http://mx.geocities.com/ninoscantores','ninoscantores@yahoo.com.mx','Leszek Zawadka',1,0,1,'2014-01-15 17:48:50',NULL,NULL),(338,214,'Coro Jubilate de Valparaiso',2,'El Coro Jubilate es una agrupación independiente creada por el maestro Marco Dusi en octubre de 1998 en Valparaíso, reuniendo en torno a sí a un selecto grupo de entusiastas cultores del canto coral, provenientes de destacados coros.','http://www.corojubilate.cl','contacto@corojubilate.cl','Paz Jones',1,0,1,'2014-01-15 17:48:50',NULL,NULL),(339,215,'CORAL DE LAS ESPIGAS',1,'Creado en 1990 por DAMIAN J. SANCHEZ , dedidcado al RESCATE, PRESERVACION Y DIFUSION DE LOS PATRIMONIOS MUSICALES ARGENTINOS Y LATINOAMERICANOS , a reccorrido el Pais y Europa llevando los ritmos y la poesia de la Argentina y Latinoamerica','','coraldelasespigas@terra.com','JAVIER DIPLOTTI',0,0,1,'2014-01-15 17:48:51',NULL,NULL),(340,216,'Coro  San Lorenzo',1,'Su richiesta del Consiglio Pastorale Parrocchiale, in previsione dei grandi festeggiamenti per il 350° anniversario della consacrazione della Basilica (Ottobre 1997), nell\'autunno del 1996 iniziano le prove del rinato Coro Parrocchiale.','http://digilander.iol.it/corosanlorenzo','pierosavio@libero.it','Piero Savio',1,0,1,'2014-01-15 17:48:51',NULL,NULL),(341,217,'Camerata ad Libitum',1,'En esta WEB tendrás la posibilidad de ver, imprimir, escuchar y/o encargar partituras y CDs de música coral además de información sobre cursos, seminarios, intercambios, conciertos, concursos y toda clase de actividades.','http://www.camerata.es','camerata@teleline.es','Julio Domínguez.',0,0,1,'2014-01-15 17:48:52',NULL,NULL),(342,217,'Tempus',2,'Somos un octeto mixto con amplia experiencia en la música coral. Nuestro repertorio abarca todos los estilos. Si deseais saber algo más sobre el coro no dudeis en contactar con nosotros.','http://telefonos 986 624286 - 986 349569','tempus@correo.de','Carlos Encisa de Sa',0,0,1,'2014-01-15 17:48:52',NULL,NULL),(343,218,'Grupo Coral do Clube Galpenergia',1,'Coro misto a quatro vozes, o seu repertório baseia-se em harmonizaçőes de temas populares portugueses e algumas adaptaçőes de temas eruditos para coros ŕ Capella, nomeadamente músicas sacras e espirituais negros.','http://coralgalpenergia.no.sapo.pt','coralgalpenergia@sapo.pt','Hélder C. Baldino',0,0,1,'2014-01-15 17:48:53',NULL,NULL),(344,219,'Orfeăo de Vila Praia de Âncora',1,'Fundado em 1958. É uma instituiçăo de voluntariado cultural. Está irmanado com o \"Coros y Orquestra Salinas de Torrevieja\" de Alicante - Espanha.l.;','http://www.geocities.com/orfeao','opva@portugalmail.pt','Francisco Presa',0,0,1,'2014-01-15 17:48:53',NULL,NULL),(345,220,'Coro Ligeiro',1,'O Coro Ligeiro da Academia de Música de Vilar do Paraíso foi fundado em 1979, sendo o seu reportório baseado essencialmente na denominada \"música ligeira\".É formado presentemente por 47 elementos com idades compreendidas entre os 15 e os 25 anos,','http://www.coroligeiro.cjb.net/','coroligeiro@email.com','Hugo Berto',1,1,1,'2014-01-15 17:48:54',NULL,NULL),(346,221,'Orfeón Villaodonense',1,'Noviembre de 1996, fundación del Orfeón Villaodonense por su actual director, José Carlos Delgado Lobato (Profesor Superior de Dirección de Orquesta y Coro) siendo Alcaldesa-Presidenta de la Corporación Municipal Doña Pilar Martínez-López.','http://orfeonvillaodon.eresmas.com','donorfeon@inicia.es','José Carlos Delgado Lobato',1,0,1,'2014-01-15 17:48:54',NULL,NULL),(347,222,'Coro Arte Vocal',1,'Coro mixto de unos 30 componentes de edades comprendidas entre los 25 y 45 años. Creado en el año 2000 cuenta con un repertorio variado tocando todos los estilos y  épocas y dando un enfoque moderno y atractivo a la polifonía.;','http://www.artevocal.com','coro@artevocal.com','Manuel Guisado Rodrigo',0,0,1,'2014-01-15 17:48:55',NULL,NULL),(348,223,'Coro popolare Cittŕ di Vimercate',7,'Le origini musicali del gruppo sono comuni a quelle di tanti sodalizi sorti quasi spontaneamente intorno all\'amore per la montagna e per il canto. Dalla data di fondazione, che risale al 1972, l\'improvvisazione ha lasciato;','http://digilander.iol.it/fcompa','corovime@geocities.com','Lino Oldrati',0,0,1,'2014-01-15 17:48:55',NULL,NULL),(349,224,'Coro Alaitz Abesbatza',1,'El coro nace en 1986 de las manos de Antton Lete para dar continuidad al trabajo desarrollado por los componentes de la Escolanía Samaniego de Vitoria Gazteiz.','http://www.alaitz.galeon.com','coroalaitz@hotmail.com','jon',1,0,1,'2014-01-15 17:48:56',NULL,NULL),(350,224,'Coro Adaggio Abesbatza',2,'Coro compuesto por 15 personas cuyo ambito de actuación se limitaa las celebraciones religiosas. Escucha nuestro repertorio en la web.','http://es.geocities.com/coroadaggio2002/','grupobodas@hotmail.com','jon',1,0,1,'2014-01-15 17:48:56',NULL,NULL),(351,224,'Grupo vocal Samurki/Samurki abestaldea',2,'Grupo vocal mixto creado a finales de 1997 e integrado por 19 voces.Uno de sus objetivos es romper con los tópicos de la música coral.','http://www.iespana.es/corsam','samurki@euskalnet.net',';Director: Jesús M. Etayo Díaz de Arcaya;',0,0,1,'2014-01-15 17:48:57',NULL,NULL),(352,225,'Camerata Coral de la Facultad de Música de la U.V.',2,'Coro de alumnos de la Fac. de Música de la U.V. Mexico','http://geocities.com/cameratacoraluvmx/index.html','cameratacoraluvmx@yahoo.com.mx','Rodolfo Obregón Ramírez',1,0,1,'2014-01-15 17:48:57',NULL,NULL),(354,226,'Coral Santa Teresa',1,'Su repertorio se basa en obras de autores sobradamente conocidos, así como en la búsqueda, adaptación e interpretación de Maestros de Capilla Aragoneses.','http://www.coralsantateresa.org','coral@coralsantateresa.org','Manuel Casares Enriquez',1,0,1,'2014-01-15 17:48:58',NULL,NULL),(355,226,'Coral del Ebro',8,'35 voces blancas (Solo mujeres)','http://es.geocities.com/kaiserin85/','pedro_francia@navegalia.com','Pedro Serrano Francia',0,0,1,'2014-01-15 17:48:58',NULL,NULL),(358,227,'Coro San Andrés \"Sergio Domingo\"',7,'En el año 1974, Arsenio M. Fernández Fernández y Guillermo García Martínez promueven la fundación del Ochote de San Andrés,bajo la dirección de José Félix Ordiz Montañés   A partir de mayo de 1975 se decide ampliar el número de voces,','http://www.ceinalon.com/corosanandres/','cuestarg@teleline.es','',1,0,1,'2014-01-15 17:48:59',NULL,NULL),(359,227,'Frohsinn',1,'Gesangverein GV Frohsinn Hagsfeld, Gemischter Chor und Coro Contempi','http://www.gvfrohsinn-hagsfeld.de/','post@gvfrohsinn-hagsfeld.de','',0,0,1,'2014-01-15 17:48:59',NULL,NULL),(364,227,'Coro de Meicon',1,'Welcome!Coro di Meicon!','http://www.isc.meiji.ac.jp/~yutaka','yutaka@isc.meiji.ac.jp','',0,0,1,'2014-01-15 17:49:00',NULL,NULL);
/*!40000 ALTER TABLE `coro` ENABLE KEYS */;
UNLOCK TABLES;
/*!40103 SET TIME_ZONE=@OLD_TIME_ZONE */;

/*!40101 SET SQL_MODE=@OLD_SQL_MODE */;
/*!40014 SET FOREIGN_KEY_CHECKS=@OLD_FOREIGN_KEY_CHECKS */;
/*!40014 SET UNIQUE_CHECKS=@OLD_UNIQUE_CHECKS */;
/*!40101 SET CHARACTER_SET_CLIENT=@OLD_CHARACTER_SET_CLIENT */;
/*!40101 SET CHARACTER_SET_RESULTS=@OLD_CHARACTER_SET_RESULTS */;
/*!40101 SET COLLATION_CONNECTION=@OLD_COLLATION_CONNECTION */;
/*!40111 SET SQL_NOTES=@OLD_SQL_NOTES */;

-- Dump completed on 2014-09-29 10:20:43
